base_name,disaster
socal-fire_00000903,socal-fire
socal-fire_00000904,socal-fire
mexico-earthquake_00000074,mexico-earthquake
midwest-flooding_00000395,midwest-flooding
hurricane-matthew_00000243,hurricane-matthew
socal-fire_00000878,socal-fire
hurricane-michael_00000103,hurricane-michael
socal-fire_00000427,socal-fire
hurricane-michael_00000076,hurricane-michael
santa-rosa-wildfire_00000267,santa-rosa-wildfire
hurricane-harvey_00000509,hurricane-harvey
hurricane-florence_00000210,hurricane-florence
socal-fire_00001300,socal-fire
socal-fire_00000913,socal-fire
socal-fire_00000053,socal-fire
socal-fire_00000505,socal-fire
socal-fire_00001257,socal-fire
socal-fire_00000692,socal-fire
hurricane-michael_00000281,hurricane-michael
socal-fire_00000897,socal-fire
hurricane-florence_00000065,hurricane-florence
socal-fire_00000457,socal-fire
socal-fire_00000966,socal-fire
hurricane-florence_00000403,hurricane-florence
hurricane-florence_00000245,hurricane-florence
hurricane-michael_00000421,hurricane-michael
hurricane-florence_00000451,hurricane-florence
santa-rosa-wildfire_00000182,santa-rosa-wildfire
hurricane-harvey_00000431,hurricane-harvey
socal-fire_00000186,socal-fire
hurricane-matthew_00000372,hurricane-matthew
santa-rosa-wildfire_00000315,santa-rosa-wildfire
palu-tsunami_00000101,palu-tsunami
hurricane-harvey_00000365,hurricane-harvey
socal-fire_00000947,socal-fire
socal-fire_00000949,socal-fire
socal-fire_00001387,socal-fire
hurricane-matthew_00000368,hurricane-matthew
socal-fire_00001302,socal-fire
socal-fire_00000081,socal-fire
hurricane-florence_00000096,hurricane-florence
hurricane-florence_00000026,hurricane-florence
hurricane-florence_00000123,hurricane-florence
hurricane-harvey_00000146,hurricane-harvey
socal-fire_00000099,socal-fire
santa-rosa-wildfire_00000320,santa-rosa-wildfire
socal-fire_00000019,socal-fire
hurricane-michael_00000008,hurricane-michael
hurricane-florence_00000093,hurricane-florence
hurricane-matthew_00000119,hurricane-matthew
hurricane-michael_00000094,hurricane-michael
midwest-flooding_00000003,midwest-flooding
socal-fire_00000633,socal-fire
hurricane-harvey_00000470,hurricane-harvey
hurricane-florence_00000526,hurricane-florence
hurricane-florence_00000324,hurricane-florence
hurricane-matthew_00000053,hurricane-matthew
palu-tsunami_00000047,palu-tsunami
santa-rosa-wildfire_00000244,santa-rosa-wildfire
socal-fire_00000906,socal-fire
hurricane-michael_00000541,hurricane-michael
hurricane-matthew_00000158,hurricane-matthew
hurricane-florence_00000106,hurricane-florence
socal-fire_00001271,socal-fire
socal-fire_00001216,socal-fire
socal-fire_00000489,socal-fire
socal-fire_00000026,socal-fire
socal-fire_00000867,socal-fire
hurricane-florence_00000425,hurricane-florence
hurricane-florence_00000296,hurricane-florence
hurricane-florence_00000376,hurricane-florence
palu-tsunami_00000001,palu-tsunami
hurricane-florence_00000147,hurricane-florence
midwest-flooding_00000076,midwest-flooding
hurricane-matthew_00000180,hurricane-matthew
hurricane-michael_00000090,hurricane-michael
socal-fire_00000363,socal-fire
midwest-flooding_00000276,midwest-flooding
hurricane-michael_00000272,hurricane-michael
hurricane-harvey_00000197,hurricane-harvey
hurricane-michael_00000365,hurricane-michael
midwest-flooding_00000074,midwest-flooding
socal-fire_00000857,socal-fire
hurricane-michael_00000427,hurricane-michael
hurricane-florence_00000522,hurricane-florence
midwest-flooding_00000379,midwest-flooding
hurricane-michael_00000137,hurricane-michael
socal-fire_00000497,socal-fire
palu-tsunami_00000086,palu-tsunami
socal-fire_00001054,socal-fire
hurricane-harvey_00000043,hurricane-harvey
socal-fire_00001039,socal-fire
socal-fire_00001296,socal-fire
midwest-flooding_00000308,midwest-flooding
socal-fire_00001033,socal-fire
santa-rosa-wildfire_00000022,santa-rosa-wildfire
hurricane-michael_00000337,hurricane-michael
hurricane-michael_00000172,hurricane-michael
socal-fire_00000389,socal-fire
santa-rosa-wildfire_00000205,santa-rosa-wildfire
socal-fire_00000117,socal-fire
socal-fire_00001081,socal-fire
palu-tsunami_00000136,palu-tsunami
socal-fire_00001143,socal-fire
hurricane-michael_00000050,hurricane-michael
mexico-earthquake_00000035,mexico-earthquake
socal-fire_00000126,socal-fire
hurricane-matthew_00000078,hurricane-matthew
hurricane-florence_00000298,hurricane-florence
hurricane-harvey_00000367,hurricane-harvey
socal-fire_00000341,socal-fire
socal-fire_00000788,socal-fire
hurricane-harvey_00000232,hurricane-harvey
midwest-flooding_00000360,midwest-flooding
socal-fire_00000552,socal-fire
hurricane-matthew_00000154,hurricane-matthew
midwest-flooding_00000025,midwest-flooding
socal-fire_00000705,socal-fire
hurricane-harvey_00000009,hurricane-harvey
midwest-flooding_00000058,midwest-flooding
socal-fire_00000791,socal-fire
socal-fire_00000991,socal-fire
hurricane-harvey_00000418,hurricane-harvey
midwest-flooding_00000078,midwest-flooding
socal-fire_00000151,socal-fire
midwest-flooding_00000064,midwest-flooding
hurricane-florence_00000003,hurricane-florence
hurricane-matthew_00000002,hurricane-matthew
hurricane-florence_00000379,hurricane-florence
hurricane-florence_00000341,hurricane-florence
socal-fire_00001396,socal-fire
hurricane-matthew_00000265,hurricane-matthew
hurricane-florence_00000337,hurricane-florence
hurricane-matthew_00000219,hurricane-matthew
hurricane-michael_00000265,hurricane-michael
palu-tsunami_00000178,palu-tsunami
hurricane-matthew_00000204,hurricane-matthew
hurricane-matthew_00000223,hurricane-matthew
hurricane-michael_00000219,hurricane-michael
socal-fire_00000361,socal-fire
guatemala-volcano_00000006,guatemala-volcano
hurricane-florence_00000405,hurricane-florence
hurricane-harvey_00000408,hurricane-harvey
socal-fire_00001283,socal-fire
hurricane-florence_00000284,hurricane-florence
hurricane-matthew_00000035,hurricane-matthew
hurricane-matthew_00000159,hurricane-matthew
hurricane-matthew_00000338,hurricane-matthew
midwest-flooding_00000277,midwest-flooding
socal-fire_00001154,socal-fire
socal-fire_00000211,socal-fire
hurricane-michael_00000046,hurricane-michael
hurricane-michael_00000444,hurricane-michael
hurricane-michael_00000461,hurricane-michael
hurricane-matthew_00000360,hurricane-matthew
palu-tsunami_00000128,palu-tsunami
hurricane-florence_00000233,hurricane-florence
hurricane-harvey_00000082,hurricane-harvey
hurricane-harvey_00000268,hurricane-harvey
mexico-earthquake_00000177,mexico-earthquake
midwest-flooding_00000082,midwest-flooding
mexico-earthquake_00000020,mexico-earthquake
socal-fire_00000239,socal-fire
guatemala-volcano_00000016,guatemala-volcano
socal-fire_00000290,socal-fire
hurricane-matthew_00000231,hurricane-matthew
hurricane-florence_00000514,hurricane-florence
hurricane-florence_00000073,hurricane-florence
hurricane-florence_00000381,hurricane-florence
hurricane-harvey_00000494,hurricane-harvey
midwest-flooding_00000151,midwest-flooding
hurricane-matthew_00000221,hurricane-matthew
hurricane-michael_00000102,hurricane-michael
socal-fire_00000880,socal-fire
socal-fire_00000006,socal-fire
hurricane-michael_00000339,hurricane-michael
hurricane-michael_00000326,hurricane-michael
socal-fire_00000076,socal-fire
hurricane-michael_00000463,hurricane-michael
midwest-flooding_00000259,midwest-flooding
hurricane-michael_00000068,hurricane-michael
socal-fire_00000327,socal-fire
hurricane-matthew_00000390,hurricane-matthew
hurricane-michael_00000041,hurricane-michael
hurricane-matthew_00000250,hurricane-matthew
santa-rosa-wildfire_00000147,santa-rosa-wildfire
hurricane-florence_00000332,hurricane-florence
socal-fire_00000306,socal-fire
socal-fire_00001025,socal-fire
hurricane-florence_00000078,hurricane-florence
socal-fire_00000243,socal-fire
santa-rosa-wildfire_00000312,santa-rosa-wildfire
midwest-flooding_00000206,midwest-flooding
socal-fire_00001070,socal-fire
midwest-flooding_00000114,midwest-flooding
midwest-flooding_00000303,midwest-flooding
hurricane-florence_00000166,hurricane-florence
hurricane-matthew_00000271,hurricane-matthew
midwest-flooding_00000401,midwest-flooding
hurricane-florence_00000350,hurricane-florence
hurricane-florence_00000048,hurricane-florence
hurricane-michael_00000359,hurricane-michael
hurricane-harvey_00000474,hurricane-harvey
hurricane-harvey_00000471,hurricane-harvey
santa-rosa-wildfire_00000280,santa-rosa-wildfire
hurricane-michael_00000467,hurricane-michael
palu-tsunami_00000195,palu-tsunami
midwest-flooding_00000377,midwest-flooding
socal-fire_00000405,socal-fire
hurricane-florence_00000037,hurricane-florence
hurricane-harvey_00000261,hurricane-harvey
socal-fire_00000718,socal-fire
mexico-earthquake_00000186,mexico-earthquake
hurricane-michael_00000250,hurricane-michael
midwest-flooding_00000084,midwest-flooding
palu-tsunami_00000179,palu-tsunami
hurricane-matthew_00000387,hurricane-matthew
santa-rosa-wildfire_00000277,santa-rosa-wildfire
socal-fire_00000671,socal-fire
hurricane-florence_00000232,hurricane-florence
socal-fire_00001223,socal-fire
socal-fire_00000916,socal-fire
socal-fire_00001047,socal-fire
hurricane-matthew_00000350,hurricane-matthew
midwest-flooding_00000139,midwest-flooding
socal-fire_00001127,socal-fire
hurricane-michael_00000078,hurricane-michael
hurricane-florence_00000055,hurricane-florence
mexico-earthquake_00000118,mexico-earthquake
palu-tsunami_00000020,palu-tsunami
hurricane-michael_00000081,hurricane-michael
hurricane-matthew_00000283,hurricane-matthew
hurricane-michael_00000142,hurricane-michael
midwest-flooding_00000265,midwest-flooding
mexico-earthquake_00000115,mexico-earthquake
midwest-flooding_00000231,midwest-flooding
hurricane-harvey_00000396,hurricane-harvey
hurricane-michael_00000040,hurricane-michael
hurricane-harvey_00000398,hurricane-harvey
socal-fire_00000415,socal-fire
socal-fire_00000454,socal-fire
santa-rosa-wildfire_00000114,santa-rosa-wildfire
midwest-flooding_00000186,midwest-flooding
socal-fire_00000714,socal-fire
hurricane-michael_00000048,hurricane-michael
socal-fire_00001264,socal-fire
hurricane-matthew_00000334,hurricane-matthew
santa-rosa-wildfire_00000314,santa-rosa-wildfire
hurricane-harvey_00000094,hurricane-harvey
hurricane-michael_00000319,hurricane-michael
hurricane-michael_00000443,hurricane-michael
hurricane-harvey_00000084,hurricane-harvey
hurricane-florence_00000442,hurricane-florence
socal-fire_00000881,socal-fire
hurricane-michael_00000287,hurricane-michael
midwest-flooding_00000275,midwest-flooding
socal-fire_00000113,socal-fire
hurricane-michael_00000416,hurricane-michael
hurricane-florence_00000012,hurricane-florence
socal-fire_00000608,socal-fire
midwest-flooding_00000204,midwest-flooding
socal-fire_00000196,socal-fire
guatemala-volcano_00000026,guatemala-volcano
socal-fire_00000873,socal-fire
hurricane-florence_00000252,hurricane-florence
santa-rosa-wildfire_00000259,santa-rosa-wildfire
santa-rosa-wildfire_00000275,santa-rosa-wildfire
hurricane-florence_00000022,hurricane-florence
socal-fire_00001369,socal-fire
santa-rosa-wildfire_00000109,santa-rosa-wildfire
hurricane-michael_00000406,hurricane-michael
hurricane-michael_00000458,hurricane-michael
mexico-earthquake_00000085,mexico-earthquake
socal-fire_00000282,socal-fire
hurricane-michael_00000289,hurricane-michael
santa-rosa-wildfire_00000030,santa-rosa-wildfire
midwest-flooding_00000353,midwest-flooding
socal-fire_00000109,socal-fire
socal-fire_00000715,socal-fire
hurricane-harvey_00000462,hurricane-harvey
hurricane-matthew_00000399,hurricane-matthew
hurricane-matthew_00000312,hurricane-matthew
socal-fire_00000114,socal-fire
socal-fire_00000231,socal-fire
hurricane-michael_00000035,hurricane-michael
santa-rosa-wildfire_00000137,santa-rosa-wildfire
hurricane-michael_00000360,hurricane-michael
hurricane-harvey_00000144,hurricane-harvey
socal-fire_00001170,socal-fire
hurricane-florence_00000226,hurricane-florence
socal-fire_00000494,socal-fire
socal-fire_00000277,socal-fire
hurricane-michael_00000307,hurricane-michael
santa-rosa-wildfire_00000134,santa-rosa-wildfire
midwest-flooding_00000044,midwest-flooding
hurricane-florence_00000023,hurricane-florence
midwest-flooding_00000244,midwest-flooding
hurricane-harvey_00000393,hurricane-harvey
hurricane-michael_00000286,hurricane-michael
guatemala-volcano_00000001,guatemala-volcano
mexico-earthquake_00000086,mexico-earthquake
midwest-flooding_00000032,midwest-flooding
hurricane-michael_00000338,hurricane-michael
socal-fire_00000252,socal-fire
santa-rosa-wildfire_00000047,santa-rosa-wildfire
socal-fire_00000461,socal-fire
hurricane-florence_00000114,hurricane-florence
hurricane-florence_00000178,hurricane-florence
hurricane-florence_00000388,hurricane-florence
socal-fire_00001285,socal-fire
palu-tsunami_00000122,palu-tsunami
hurricane-michael_00000349,hurricane-michael
socal-fire_00001319,socal-fire
socal-fire_00000651,socal-fire
hurricane-michael_00000145,hurricane-michael
hurricane-harvey_00000245,hurricane-harvey
hurricane-harvey_00000178,hurricane-harvey
socal-fire_00000798,socal-fire
midwest-flooding_00000150,midwest-flooding
midwest-flooding_00000225,midwest-flooding
hurricane-michael_00000465,hurricane-michael
mexico-earthquake_00000000,mexico-earthquake
socal-fire_00001351,socal-fire
hurricane-harvey_00000061,hurricane-harvey
socal-fire_00000824,socal-fire
hurricane-matthew_00000130,hurricane-matthew
hurricane-harvey_00000060,hurricane-harvey
socal-fire_00000358,socal-fire
palu-tsunami_00000142,palu-tsunami
socal-fire_00000905,socal-fire
mexico-earthquake_00000092,mexico-earthquake
hurricane-harvey_00000118,hurricane-harvey
hurricane-matthew_00000252,hurricane-matthew
midwest-flooding_00000378,midwest-flooding
socal-fire_00000772,socal-fire
midwest-flooding_00000314,midwest-flooding
socal-fire_00000227,socal-fire
midwest-flooding_00000165,midwest-flooding
mexico-earthquake_00000064,mexico-earthquake
socal-fire_00001235,socal-fire
socal-fire_00000858,socal-fire
hurricane-harvey_00000070,hurricane-harvey
midwest-flooding_00000233,midwest-flooding
hurricane-florence_00000510,hurricane-florence
hurricane-florence_00000344,hurricane-florence
hurricane-harvey_00000047,hurricane-harvey
hurricane-michael_00000060,hurricane-michael
socal-fire_00000812,socal-fire
hurricane-florence_00000529,hurricane-florence
santa-rosa-wildfire_00000274,santa-rosa-wildfire
santa-rosa-wildfire_00000228,santa-rosa-wildfire
hurricane-matthew_00000041,hurricane-matthew
hurricane-harvey_00000502,hurricane-harvey
hurricane-florence_00000148,hurricane-florence
midwest-flooding_00000216,midwest-flooding
midwest-flooding_00000301,midwest-flooding
santa-rosa-wildfire_00000221,santa-rosa-wildfire
hurricane-florence_00000345,hurricane-florence
socal-fire_00000776,socal-fire
santa-rosa-wildfire_00000233,santa-rosa-wildfire
hurricane-michael_00000016,hurricane-michael
midwest-flooding_00000012,midwest-flooding
socal-fire_00001175,socal-fire
socal-fire_00000533,socal-fire
hurricane-florence_00000533,hurricane-florence
santa-rosa-wildfire_00000245,santa-rosa-wildfire
hurricane-matthew_00000261,hurricane-matthew
hurricane-michael_00000293,hurricane-michael
hurricane-florence_00000333,hurricane-florence
hurricane-florence_00000370,hurricane-florence
socal-fire_00000769,socal-fire
socal-fire_00001112,socal-fire
midwest-flooding_00000110,midwest-flooding
hurricane-florence_00000355,hurricane-florence
hurricane-harvey_00000057,hurricane-harvey
midwest-flooding_00000062,midwest-flooding
hurricane-michael_00000441,hurricane-michael
santa-rosa-wildfire_00000302,santa-rosa-wildfire
socal-fire_00000303,socal-fire
hurricane-florence_00000469,hurricane-florence
hurricane-michael_00000181,hurricane-michael
hurricane-matthew_00000373,hurricane-matthew
socal-fire_00000537,socal-fire
santa-rosa-wildfire_00000084,santa-rosa-wildfire
hurricane-florence_00000285,hurricane-florence
hurricane-michael_00000512,hurricane-michael
santa-rosa-wildfire_00000286,santa-rosa-wildfire
midwest-flooding_00000352,midwest-flooding
socal-fire_00000105,socal-fire
mexico-earthquake_00000055,mexico-earthquake
hurricane-michael_00000216,hurricane-michael
socal-fire_00000817,socal-fire
santa-rosa-wildfire_00000135,santa-rosa-wildfire
hurricane-harvey_00000488,hurricane-harvey
hurricane-harvey_00000051,hurricane-harvey
socal-fire_00000965,socal-fire
midwest-flooding_00000022,midwest-flooding
socal-fire_00000367,socal-fire
socal-fire_00001402,socal-fire
socal-fire_00000072,socal-fire
hurricane-florence_00000224,hurricane-florence
palu-tsunami_00000161,palu-tsunami
socal-fire_00000091,socal-fire
hurricane-florence_00000475,hurricane-florence
hurricane-matthew_00000034,hurricane-matthew
socal-fire_00000968,socal-fire
socal-fire_00000045,socal-fire
hurricane-michael_00000301,hurricane-michael
santa-rosa-wildfire_00000175,santa-rosa-wildfire
hurricane-matthew_00000093,hurricane-matthew
santa-rosa-wildfire_00000226,santa-rosa-wildfire
socal-fire_00000236,socal-fire
socal-fire_00000596,socal-fire
socal-fire_00000030,socal-fire
hurricane-florence_00000424,hurricane-florence
socal-fire_00000665,socal-fire
hurricane-florence_00000153,hurricane-florence
mexico-earthquake_00000072,mexico-earthquake
socal-fire_00001397,socal-fire
hurricane-harvey_00000506,hurricane-harvey
hurricane-harvey_00000226,hurricane-harvey
hurricane-florence_00000523,hurricane-florence
guatemala-volcano_00000002,guatemala-volcano
mexico-earthquake_00000019,mexico-earthquake
hurricane-florence_00000024,hurricane-florence
midwest-flooding_00000119,midwest-flooding
hurricane-harvey_00000239,hurricane-harvey
socal-fire_00000015,socal-fire
socal-fire_00000944,socal-fire
hurricane-florence_00000273,hurricane-florence
hurricane-michael_00000413,hurricane-michael
socal-fire_00000374,socal-fire
hurricane-florence_00000490,hurricane-florence
hurricane-harvey_00000389,hurricane-harvey
hurricane-michael_00000200,hurricane-michael
hurricane-harvey_00000071,hurricane-harvey
mexico-earthquake_00000184,mexico-earthquake
hurricane-harvey_00000137,hurricane-harvey
mexico-earthquake_00000096,mexico-earthquake
midwest-flooding_00000230,midwest-flooding
hurricane-florence_00000452,hurricane-florence
hurricane-michael_00000141,hurricane-michael
midwest-flooding_00000313,midwest-flooding
hurricane-matthew_00000070,hurricane-matthew
socal-fire_00000589,socal-fire
hurricane-michael_00000135,hurricane-michael
socal-fire_00000073,socal-fire
hurricane-matthew_00000103,hurricane-matthew
mexico-earthquake_00000182,mexico-earthquake
santa-rosa-wildfire_00000330,santa-rosa-wildfire
hurricane-harvey_00000425,hurricane-harvey
hurricane-harvey_00000212,hurricane-harvey
socal-fire_00000330,socal-fire
hurricane-michael_00000112,hurricane-michael
hurricane-michael_00000440,hurricane-michael
midwest-flooding_00000059,midwest-flooding
hurricane-harvey_00000257,hurricane-harvey
santa-rosa-wildfire_00000353,santa-rosa-wildfire
socal-fire_00000249,socal-fire
hurricane-michael_00000462,hurricane-michael
santa-rosa-wildfire_00000291,santa-rosa-wildfire
hurricane-florence_00000531,hurricane-florence
socal-fire_00000634,socal-fire
socal-fire_00000094,socal-fire
socal-fire_00000266,socal-fire
mexico-earthquake_00000040,mexico-earthquake
hurricane-matthew_00000083,hurricane-matthew
mexico-earthquake_00000144,mexico-earthquake
hurricane-florence_00000309,hurricane-florence
socal-fire_00001244,socal-fire
hurricane-florence_00000455,hurricane-florence
hurricane-harvey_00000406,hurricane-harvey
socal-fire_00000644,socal-fire
hurricane-michael_00000266,hurricane-michael
socal-fire_00000653,socal-fire
socal-fire_00000731,socal-fire
palu-tsunami_00000107,palu-tsunami
hurricane-harvey_00000171,hurricane-harvey
midwest-flooding_00000001,midwest-flooding
socal-fire_00000566,socal-fire
hurricane-florence_00000136,hurricane-florence
santa-rosa-wildfire_00000015,santa-rosa-wildfire
hurricane-florence_00000426,hurricane-florence
hurricane-matthew_00000044,hurricane-matthew
palu-tsunami_00000030,palu-tsunami
hurricane-florence_00000118,hurricane-florence
socal-fire_00000763,socal-fire
hurricane-matthew_00000077,hurricane-matthew
socal-fire_00000434,socal-fire
midwest-flooding_00000156,midwest-flooding
socal-fire_00001085,socal-fire
socal-fire_00000436,socal-fire
midwest-flooding_00000299,midwest-flooding
mexico-earthquake_00000150,mexico-earthquake
hurricane-matthew_00000071,hurricane-matthew
hurricane-harvey_00000387,hurricane-harvey
hurricane-harvey_00000233,hurricane-harvey
socal-fire_00000681,socal-fire
santa-rosa-wildfire_00000362,santa-rosa-wildfire
socal-fire_00000450,socal-fire
hurricane-florence_00000492,hurricane-florence
hurricane-florence_00000331,hurricane-florence
hurricane-harvey_00000481,hurricane-harvey
socal-fire_00000931,socal-fire
socal-fire_00000534,socal-fire
midwest-flooding_00000201,midwest-flooding
hurricane-florence_00000101,hurricane-florence
hurricane-michael_00000460,hurricane-michael
socal-fire_00001158,socal-fire
hurricane-florence_00000102,hurricane-florence
socal-fire_00000979,socal-fire
hurricane-michael_00000484,hurricane-michael
palu-tsunami_00000025,palu-tsunami
hurricane-michael_00000511,hurricane-michael
hurricane-matthew_00000174,hurricane-matthew
hurricane-harvey_00000045,hurricane-harvey
santa-rosa-wildfire_00000018,santa-rosa-wildfire
palu-tsunami_00000126,palu-tsunami
socal-fire_00000036,socal-fire
hurricane-michael_00000294,hurricane-michael
palu-tsunami_00000111,palu-tsunami
socal-fire_00000970,socal-fire
hurricane-matthew_00000007,hurricane-matthew
hurricane-harvey_00000492,hurricane-harvey
socal-fire_00001218,socal-fire
socal-fire_00000928,socal-fire
santa-rosa-wildfire_00000095,santa-rosa-wildfire
mexico-earthquake_00000059,mexico-earthquake
socal-fire_00000278,socal-fire
socal-fire_00001063,socal-fire
socal-fire_00000767,socal-fire
palu-tsunami_00000102,palu-tsunami
hurricane-harvey_00000092,hurricane-harvey
hurricane-michael_00000539,hurricane-michael
hurricane-michael_00000353,hurricane-michael
socal-fire_00001225,socal-fire
hurricane-harvey_00000147,hurricane-harvey
palu-tsunami_00000100,palu-tsunami
socal-fire_00000543,socal-fire
socal-fire_00000167,socal-fire
santa-rosa-wildfire_00000325,santa-rosa-wildfire
palu-tsunami_00000051,palu-tsunami
midwest-flooding_00000348,midwest-flooding
socal-fire_00001229,socal-fire
hurricane-florence_00000031,hurricane-florence
hurricane-harvey_00000220,hurricane-harvey
socal-fire_00000921,socal-fire
santa-rosa-wildfire_00000296,santa-rosa-wildfire
socal-fire_00001129,socal-fire
santa-rosa-wildfire_00000170,santa-rosa-wildfire
hurricane-florence_00000474,hurricane-florence
mexico-earthquake_00000053,mexico-earthquake
palu-tsunami_00000053,palu-tsunami
socal-fire_00001398,socal-fire
mexico-earthquake_00000143,mexico-earthquake
socal-fire_00000663,socal-fire
hurricane-michael_00000083,hurricane-michael
palu-tsunami_00000003,palu-tsunami
socal-fire_00000322,socal-fire
socal-fire_00000337,socal-fire
midwest-flooding_00000140,midwest-flooding
socal-fire_00000810,socal-fire
hurricane-florence_00000545,hurricane-florence
socal-fire_00000166,socal-fire
midwest-flooding_00000171,midwest-flooding
hurricane-matthew_00000173,hurricane-matthew
hurricane-harvey_00000138,hurricane-harvey
socal-fire_00001211,socal-fire
midwest-flooding_00000162,midwest-flooding
hurricane-michael_00000356,hurricane-michael
hurricane-michael_00000492,hurricane-michael
midwest-flooding_00000345,midwest-flooding
midwest-flooding_00000229,midwest-flooding
hurricane-michael_00000358,hurricane-michael
santa-rosa-wildfire_00000153,santa-rosa-wildfire
palu-tsunami_00000005,palu-tsunami
hurricane-michael_00000029,hurricane-michael
midwest-flooding_00000399,midwest-flooding
hurricane-harvey_00000187,hurricane-harvey
socal-fire_00000115,socal-fire
socal-fire_00001272,socal-fire
hurricane-michael_00000424,hurricane-michael
socal-fire_00000397,socal-fire
socal-fire_00000090,socal-fire
socal-fire_00000995,socal-fire
hurricane-matthew_00000302,hurricane-matthew
midwest-flooding_00000018,midwest-flooding
socal-fire_00000529,socal-fire
hurricane-michael_00000052,hurricane-michael
socal-fire_00001146,socal-fire
hurricane-michael_00000243,hurricane-michael
socal-fire_00000473,socal-fire
hurricane-michael_00000034,hurricane-michael
mexico-earthquake_00000017,mexico-earthquake
socal-fire_00000547,socal-fire
hurricane-michael_00000159,hurricane-michael
guatemala-volcano_00000027,guatemala-volcano
santa-rosa-wildfire_00000333,santa-rosa-wildfire
hurricane-florence_00000159,hurricane-florence
hurricane-florence_00000203,hurricane-florence
santa-rosa-wildfire_00000338,santa-rosa-wildfire
hurricane-harvey_00000116,hurricane-harvey
palu-tsunami_00000056,palu-tsunami
socal-fire_00001078,socal-fire
palu-tsunami_00000164,palu-tsunami
hurricane-michael_00000188,hurricane-michael
hurricane-florence_00000436,hurricane-florence
socal-fire_00000391,socal-fire
socal-fire_00000774,socal-fire
hurricane-matthew_00000009,hurricane-matthew
socal-fire_00001086,socal-fire
hurricane-michael_00000323,hurricane-michael
santa-rosa-wildfire_00000152,santa-rosa-wildfire
hurricane-michael_00000066,hurricane-michael
hurricane-harvey_00000028,hurricane-harvey
socal-fire_00000933,socal-fire
hurricane-matthew_00000381,hurricane-matthew
hurricane-florence_00000219,hurricane-florence
hurricane-harvey_00000281,hurricane-harvey
socal-fire_00000587,socal-fire
midwest-flooding_00000433,midwest-flooding
midwest-flooding_00000145,midwest-flooding
mexico-earthquake_00000158,mexico-earthquake
midwest-flooding_00000038,midwest-flooding
hurricane-florence_00000314,hurricane-florence
hurricane-harvey_00000520,hurricane-harvey
hurricane-florence_00000392,hurricane-florence
socal-fire_00001383,socal-fire
hurricane-michael_00000222,hurricane-michael
santa-rosa-wildfire_00000140,santa-rosa-wildfire
mexico-earthquake_00000042,mexico-earthquake
guatemala-volcano_00000017,guatemala-volcano
socal-fire_00001228,socal-fire
mexico-earthquake_00000154,mexico-earthquake
palu-tsunami_00000026,palu-tsunami
midwest-flooding_00000330,midwest-flooding
socal-fire_00001101,socal-fire
socal-fire_00000386,socal-fire
hurricane-matthew_00000116,hurricane-matthew
hurricane-matthew_00000145,hurricane-matthew
hurricane-harvey_00000501,hurricane-harvey
hurricane-matthew_00000170,hurricane-matthew
santa-rosa-wildfire_00000287,santa-rosa-wildfire
socal-fire_00001287,socal-fire
mexico-earthquake_00000082,mexico-earthquake
hurricane-florence_00000371,hurricane-florence
socal-fire_00000467,socal-fire
hurricane-michael_00000003,hurricane-michael
midwest-flooding_00000371,midwest-flooding
hurricane-matthew_00000388,hurricane-matthew
hurricane-harvey_00000472,hurricane-harvey
socal-fire_00000752,socal-fire
hurricane-harvey_00000410,hurricane-harvey
hurricane-michael_00000241,hurricane-michael
hurricane-florence_00000356,hurricane-florence
socal-fire_00001243,socal-fire
hurricane-michael_00000403,hurricane-michael
hurricane-michael_00000474,hurricane-michael
santa-rosa-wildfire_00000163,santa-rosa-wildfire
hurricane-harvey_00000452,hurricane-harvey
santa-rosa-wildfire_00000200,santa-rosa-wildfire
hurricane-harvey_00000327,hurricane-harvey
hurricane-florence_00000149,hurricane-florence
hurricane-florence_00000289,hurricane-florence
hurricane-matthew_00000211,hurricane-matthew
hurricane-michael_00000192,hurricane-michael
hurricane-florence_00000527,hurricane-florence
palu-tsunami_00000077,palu-tsunami
hurricane-harvey_00000338,hurricane-harvey
hurricane-florence_00000390,hurricane-florence
socal-fire_00000468,socal-fire
midwest-flooding_00000350,midwest-flooding
hurricane-florence_00000263,hurricane-florence
hurricane-florence_00000316,hurricane-florence
socal-fire_00000679,socal-fire
hurricane-florence_00000445,hurricane-florence
hurricane-florence_00000000,hurricane-florence
socal-fire_00000283,socal-fire
hurricane-florence_00000361,hurricane-florence
hurricane-florence_00000536,hurricane-florence
socal-fire_00000464,socal-fire
hurricane-harvey_00000444,hurricane-harvey
hurricane-michael_00000101,hurricane-michael
hurricane-florence_00000032,hurricane-florence
hurricane-matthew_00000069,hurricane-matthew
hurricane-florence_00000266,hurricane-florence
hurricane-harvey_00000255,hurricane-harvey
mexico-earthquake_00000120,mexico-earthquake
hurricane-matthew_00000120,hurricane-matthew
hurricane-florence_00000382,hurricane-florence
hurricane-michael_00000379,hurricane-michael
socal-fire_00001298,socal-fire
socal-fire_00000403,socal-fire
santa-rosa-wildfire_00000162,santa-rosa-wildfire
hurricane-florence_00000190,hurricane-florence
socal-fire_00000287,socal-fire
hurricane-michael_00000097,hurricane-michael
socal-fire_00000502,socal-fire
midwest-flooding_00000191,midwest-flooding
hurricane-matthew_00000171,hurricane-matthew
palu-tsunami_00000057,palu-tsunami
hurricane-matthew_00000284,hurricane-matthew
hurricane-michael_00000466,hurricane-michael
hurricane-michael_00000013,hurricane-michael
hurricane-michael_00000156,hurricane-michael
midwest-flooding_00000394,midwest-flooding
socal-fire_00000279,socal-fire
mexico-earthquake_00000068,mexico-earthquake
hurricane-michael_00000487,hurricane-michael
hurricane-harvey_00000442,hurricane-harvey
socal-fire_00000923,socal-fire
palu-tsunami_00000064,palu-tsunami
hurricane-matthew_00000134,hurricane-matthew
socal-fire_00000118,socal-fire
midwest-flooding_00000113,midwest-flooding
socal-fire_00001259,socal-fire
hurricane-matthew_00000306,hurricane-matthew
hurricane-harvey_00000017,hurricane-harvey
hurricane-michael_00000175,hurricane-michael
mexico-earthquake_00000132,mexico-earthquake
hurricane-harvey_00000008,hurricane-harvey
socal-fire_00001381,socal-fire
hurricane-matthew_00000013,hurricane-matthew
midwest-flooding_00000207,midwest-flooding
santa-rosa-wildfire_00000199,santa-rosa-wildfire
hurricane-harvey_00000249,hurricane-harvey
hurricane-harvey_00000218,hurricane-harvey
hurricane-matthew_00000232,hurricane-matthew
hurricane-michael_00000021,hurricane-michael
hurricane-matthew_00000054,hurricane-matthew
hurricane-michael_00000542,hurricane-michael
hurricane-florence_00000067,hurricane-florence
hurricane-harvey_00000433,hurricane-harvey
hurricane-florence_00000085,hurricane-florence
hurricane-florence_00000030,hurricane-florence
socal-fire_00000805,socal-fire
hurricane-harvey_00000039,hurricane-harvey
socal-fire_00001379,socal-fire
hurricane-harvey_00000072,hurricane-harvey
santa-rosa-wildfire_00000309,santa-rosa-wildfire
socal-fire_00000245,socal-fire
hurricane-florence_00000194,hurricane-florence
santa-rosa-wildfire_00000313,santa-rosa-wildfire
santa-rosa-wildfire_00000026,santa-rosa-wildfire
socal-fire_00000522,socal-fire
socal-fire_00000477,socal-fire
socal-fire_00001303,socal-fire
hurricane-florence_00000485,hurricane-florence
mexico-earthquake_00000105,mexico-earthquake
midwest-flooding_00000293,midwest-flooding
midwest-flooding_00000404,midwest-flooding
midwest-flooding_00000422,midwest-flooding
socal-fire_00001125,socal-fire
hurricane-harvey_00000059,hurricane-harvey
hurricane-michael_00000239,hurricane-michael
midwest-flooding_00000028,midwest-flooding
socal-fire_00000952,socal-fire
hurricane-harvey_00000100,hurricane-harvey
midwest-flooding_00000282,midwest-flooding
santa-rosa-wildfire_00000264,santa-rosa-wildfire
midwest-flooding_00000177,midwest-flooding
hurricane-michael_00000357,hurricane-michael
socal-fire_00000014,socal-fire
socal-fire_00001043,socal-fire
socal-fire_00001233,socal-fire
midwest-flooding_00000391,midwest-flooding
midwest-flooding_00000120,midwest-flooding
socal-fire_00000083,socal-fire
hurricane-matthew_00000175,hurricane-matthew
palu-tsunami_00000140,palu-tsunami
hurricane-harvey_00000317,hurricane-harvey
socal-fire_00000884,socal-fire
hurricane-michael_00000166,hurricane-michael
hurricane-florence_00000297,hurricane-florence
mexico-earthquake_00000027,mexico-earthquake
socal-fire_00000940,socal-fire
hurricane-florence_00000247,hurricane-florence
hurricane-florence_00000045,hurricane-florence
hurricane-michael_00000519,hurricane-michael
socal-fire_00000895,socal-fire
hurricane-matthew_00000132,hurricane-matthew
santa-rosa-wildfire_00000078,santa-rosa-wildfire
socal-fire_00000194,socal-fire
santa-rosa-wildfire_00000297,santa-rosa-wildfire
socal-fire_00000102,socal-fire
socal-fire_00001003,socal-fire
hurricane-harvey_00000299,hurricane-harvey
hurricane-harvey_00000337,hurricane-harvey
hurricane-harvey_00000053,hurricane-harvey
socal-fire_00000912,socal-fire
santa-rosa-wildfire_00000346,santa-rosa-wildfire
midwest-flooding_00000441,midwest-flooding
midwest-flooding_00000013,midwest-flooding
socal-fire_00000080,socal-fire
hurricane-michael_00000180,hurricane-michael
socal-fire_00001073,socal-fire
hurricane-michael_00000439,hurricane-michael
hurricane-florence_00000083,hurricane-florence
hurricane-florence_00000058,hurricane-florence
santa-rosa-wildfire_00000076,santa-rosa-wildfire
socal-fire_00000398,socal-fire
mexico-earthquake_00000151,mexico-earthquake
hurricane-michael_00000058,hurricane-michael
hurricane-harvey_00000348,hurricane-harvey
socal-fire_00000510,socal-fire
socal-fire_00001133,socal-fire
palu-tsunami_00000157,palu-tsunami
mexico-earthquake_00000029,mexico-earthquake
santa-rosa-wildfire_00000060,santa-rosa-wildfire
socal-fire_00001177,socal-fire
palu-tsunami_00000106,palu-tsunami
midwest-flooding_00000238,midwest-flooding
hurricane-harvey_00000029,hurricane-harvey
hurricane-harvey_00000358,hurricane-harvey
mexico-earthquake_00000122,mexico-earthquake
midwest-flooding_00000237,midwest-flooding
socal-fire_00001354,socal-fire
hurricane-michael_00000263,hurricane-michael
hurricane-florence_00000500,hurricane-florence
santa-rosa-wildfire_00000372,santa-rosa-wildfire
hurricane-harvey_00000429,hurricane-harvey
santa-rosa-wildfire_00000063,santa-rosa-wildfire
hurricane-harvey_00000111,hurricane-harvey
hurricane-michael_00000524,hurricane-michael
socal-fire_00001208,socal-fire
hurricane-michael_00000351,hurricane-michael
hurricane-florence_00000484,hurricane-florence
hurricane-florence_00000088,hurricane-florence
santa-rosa-wildfire_00000156,santa-rosa-wildfire
hurricane-florence_00000517,hurricane-florence
socal-fire_00000401,socal-fire
midwest-flooding_00000154,midwest-flooding
socal-fire_00000528,socal-fire
hurricane-florence_00000244,hurricane-florence
santa-rosa-wildfire_00000148,santa-rosa-wildfire
hurricane-harvey_00000030,hurricane-harvey
midwest-flooding_00000157,midwest-flooding
palu-tsunami_00000153,palu-tsunami
hurricane-florence_00000138,hurricane-florence
hurricane-matthew_00000322,hurricane-matthew
hurricane-michael_00000212,hurricane-michael
hurricane-matthew_00000080,hurricane-matthew
santa-rosa-wildfire_00000247,santa-rosa-wildfire
hurricane-florence_00000394,hurricane-florence
hurricane-michael_00000386,hurricane-michael
hurricane-harvey_00000271,hurricane-harvey
socal-fire_00001198,socal-fire
hurricane-michael_00000001,hurricane-michael
palu-tsunami_00000044,palu-tsunami
hurricane-matthew_00000212,hurricane-matthew
hurricane-florence_00000470,hurricane-florence
hurricane-matthew_00000256,hurricane-matthew
hurricane-michael_00000333,hurricane-michael
hurricane-harvey_00000126,hurricane-harvey
socal-fire_00000149,socal-fire
socal-fire_00000519,socal-fire
santa-rosa-wildfire_00000250,santa-rosa-wildfire
socal-fire_00001045,socal-fire
santa-rosa-wildfire_00000005,santa-rosa-wildfire
midwest-flooding_00000130,midwest-flooding
santa-rosa-wildfire_00000097,santa-rosa-wildfire
hurricane-matthew_00000156,hurricane-matthew
hurricane-harvey_00000275,hurricane-harvey
midwest-flooding_00000030,midwest-flooding
palu-tsunami_00000177,palu-tsunami
socal-fire_00001004,socal-fire
hurricane-matthew_00000100,hurricane-matthew
socal-fire_00000089,socal-fire
santa-rosa-wildfire_00000072,santa-rosa-wildfire
hurricane-harvey_00000302,hurricane-harvey
santa-rosa-wildfire_00000111,santa-rosa-wildfire
midwest-flooding_00000212,midwest-flooding
midwest-flooding_00000310,midwest-flooding
hurricane-michael_00000133,hurricane-michael
socal-fire_00001142,socal-fire
hurricane-michael_00000295,hurricane-michael
hurricane-florence_00000496,hurricane-florence
midwest-flooding_00000019,midwest-flooding
hurricane-michael_00000231,hurricane-michael
socal-fire_00001291,socal-fire
palu-tsunami_00000183,palu-tsunami
hurricane-michael_00000230,hurricane-michael
midwest-flooding_00000170,midwest-flooding
socal-fire_00000044,socal-fire
hurricane-matthew_00000066,hurricane-matthew
hurricane-florence_00000255,hurricane-florence
hurricane-matthew_00000133,hurricane-matthew
socal-fire_00001227,socal-fire
hurricane-matthew_00000137,hurricane-matthew
midwest-flooding_00000427,midwest-flooding
socal-fire_00000070,socal-fire
socal-fire_00000038,socal-fire
socal-fire_00000845,socal-fire
socal-fire_00000938,socal-fire
midwest-flooding_00000408,midwest-flooding
santa-rosa-wildfire_00000004,santa-rosa-wildfire
palu-tsunami_00000187,palu-tsunami
hurricane-florence_00000406,hurricane-florence
mexico-earthquake_00000127,mexico-earthquake
santa-rosa-wildfire_00000234,santa-rosa-wildfire
mexico-earthquake_00000140,mexico-earthquake
mexico-earthquake_00000152,mexico-earthquake
midwest-flooding_00000424,midwest-flooding
socal-fire_00000554,socal-fire
socal-fire_00000953,socal-fire
socal-fire_00001162,socal-fire
hurricane-michael_00000036,hurricane-michael
palu-tsunami_00000109,palu-tsunami
hurricane-florence_00000420,hurricane-florence
hurricane-michael_00000296,hurricane-michael
hurricane-matthew_00000248,hurricane-matthew
socal-fire_00001207,socal-fire
hurricane-florence_00000397,hurricane-florence
socal-fire_00000378,socal-fire
socal-fire_00001206,socal-fire
hurricane-florence_00000043,hurricane-florence
socal-fire_00001197,socal-fire
hurricane-michael_00000044,hurricane-michael
midwest-flooding_00000417,midwest-flooding
palu-tsunami_00000083,palu-tsunami
santa-rosa-wildfire_00000376,santa-rosa-wildfire
midwest-flooding_00000317,midwest-flooding
socal-fire_00000835,socal-fire
socal-fire_00000501,socal-fire
hurricane-michael_00000529,hurricane-michael
hurricane-harvey_00000430,hurricane-harvey
hurricane-harvey_00000128,hurricane-harvey
socal-fire_00000408,socal-fire
socal-fire_00000892,socal-fire
hurricane-matthew_00000314,hurricane-matthew
midwest-flooding_00000388,midwest-flooding
hurricane-matthew_00000040,hurricane-matthew
hurricane-harvey_00000048,hurricane-harvey
santa-rosa-wildfire_00000024,santa-rosa-wildfire
mexico-earthquake_00000034,mexico-earthquake
midwest-flooding_00000007,midwest-flooding
santa-rosa-wildfire_00000249,santa-rosa-wildfire
mexico-earthquake_00000129,mexico-earthquake
socal-fire_00001365,socal-fire
santa-rosa-wildfire_00000324,santa-rosa-wildfire
hurricane-harvey_00000267,hurricane-harvey
socal-fire_00001089,socal-fire
hurricane-florence_00000264,hurricane-florence
santa-rosa-wildfire_00000231,santa-rosa-wildfire
socal-fire_00001343,socal-fire
hurricane-florence_00000310,hurricane-florence
santa-rosa-wildfire_00000340,santa-rosa-wildfire
socal-fire_00000549,socal-fire
hurricane-harvey_00000205,hurricane-harvey
midwest-flooding_00000095,midwest-flooding
hurricane-michael_00000543,hurricane-michael
hurricane-matthew_00000401,hurricane-matthew
hurricane-michael_00000479,hurricane-michael
socal-fire_00000850,socal-fire
socal-fire_00000331,socal-fire
hurricane-michael_00000099,hurricane-michael
hurricane-florence_00000366,hurricane-florence
hurricane-harvey_00000195,hurricane-harvey
santa-rosa-wildfire_00000208,santa-rosa-wildfire
hurricane-harvey_00000069,hurricane-harvey
socal-fire_00000932,socal-fire
socal-fire_00001124,socal-fire
hurricane-florence_00000353,hurricane-florence
hurricane-harvey_00000026,hurricane-harvey
hurricane-florence_00000156,hurricane-florence
hurricane-michael_00000408,hurricane-michael
midwest-flooding_00000060,midwest-flooding
hurricane-michael_00000391,hurricane-michael
hurricane-michael_00000038,hurricane-michael
hurricane-michael_00000248,hurricane-michael
midwest-flooding_00000123,midwest-flooding
socal-fire_00001050,socal-fire
hurricane-michael_00000158,hurricane-michael
hurricane-michael_00000104,hurricane-michael
socal-fire_00001289,socal-fire
socal-fire_00000488,socal-fire
socal-fire_00000055,socal-fire
hurricane-michael_00000162,hurricane-michael
hurricane-michael_00000043,hurricane-michael
hurricane-florence_00000237,hurricane-florence
palu-tsunami_00000155,palu-tsunami
socal-fire_00001241,socal-fire
socal-fire_00000312,socal-fire
hurricane-florence_00000540,hurricane-florence
hurricane-michael_00000473,hurricane-michael
socal-fire_00000917,socal-fire
socal-fire_00000955,socal-fire
hurricane-harvey_00000002,hurricane-harvey
hurricane-florence_00000061,hurricane-florence
socal-fire_00000154,socal-fire
socal-fire_00001122,socal-fire
hurricane-florence_00000300,hurricane-florence
hurricane-michael_00000118,hurricane-michael
hurricane-harvey_00000231,hurricane-harvey
hurricane-michael_00000268,hurricane-michael
hurricane-michael_00000343,hurricane-michael
hurricane-florence_00000199,hurricane-florence
hurricane-florence_00000221,hurricane-florence
santa-rosa-wildfire_00000130,santa-rosa-wildfire
socal-fire_00000583,socal-fire
socal-fire_00001104,socal-fire
hurricane-michael_00000189,hurricane-michael
socal-fire_00001071,socal-fire
hurricane-matthew_00000004,hurricane-matthew
socal-fire_00000162,socal-fire
socal-fire_00000387,socal-fire
hurricane-harvey_00000325,hurricane-harvey
midwest-flooding_00000209,midwest-flooding
hurricane-harvey_00000356,hurricane-harvey
hurricane-harvey_00000379,hurricane-harvey
socal-fire_00000640,socal-fire
socal-fire_00001338,socal-fire
socal-fire_00000998,socal-fire
socal-fire_00001308,socal-fire
socal-fire_00000565,socal-fire
mexico-earthquake_00000037,mexico-earthquake
hurricane-michael_00000325,hurricane-michael
hurricane-harvey_00000079,hurricane-harvey
midwest-flooding_00000347,midwest-flooding
hurricane-harvey_00000104,hurricane-harvey
socal-fire_00001221,socal-fire
socal-fire_00001352,socal-fire
hurricane-florence_00000064,hurricane-florence
hurricane-harvey_00000427,hurricane-harvey
santa-rosa-wildfire_00000040,santa-rosa-wildfire
socal-fire_00000371,socal-fire
mexico-earthquake_00000101,mexico-earthquake
socal-fire_00000205,socal-fire
socal-fire_00000927,socal-fire
midwest-flooding_00000173,midwest-flooding
socal-fire_00000349,socal-fire
mexico-earthquake_00000087,mexico-earthquake
socal-fire_00000480,socal-fire
hurricane-michael_00000146,hurricane-michael
hurricane-florence_00000374,hurricane-florence
hurricane-harvey_00000214,hurricane-harvey
hurricane-michael_00000053,hurricane-michael
socal-fire_00001288,socal-fire
socal-fire_00001341,socal-fire
socal-fire_00000603,socal-fire
socal-fire_00001357,socal-fire
hurricane-harvey_00000486,hurricane-harvey
mexico-earthquake_00000173,mexico-earthquake
hurricane-michael_00000304,hurricane-michael
santa-rosa-wildfire_00000252,santa-rosa-wildfire
santa-rosa-wildfire_00000009,santa-rosa-wildfire
hurricane-florence_00000347,hurricane-florence
hurricane-michael_00000330,hurricane-michael
midwest-flooding_00000099,midwest-flooding
socal-fire_00000830,socal-fire
palu-tsunami_00000121,palu-tsunami
hurricane-harvey_00000091,hurricane-harvey
hurricane-florence_00000165,hurricane-florence
santa-rosa-wildfire_00000124,santa-rosa-wildfire
hurricane-harvey_00000262,hurricane-harvey
hurricane-harvey_00000467,hurricane-harvey
hurricane-florence_00000486,hurricane-florence
hurricane-matthew_00000367,hurricane-matthew
hurricane-michael_00000196,hurricane-michael
hurricane-matthew_00000295,hurricane-matthew
hurricane-harvey_00000286,hurricane-harvey
hurricane-michael_00000528,hurricane-michael
socal-fire_00000375,socal-fire
mexico-earthquake_00000107,mexico-earthquake
hurricane-michael_00000547,hurricane-michael
hurricane-harvey_00000109,hurricane-harvey
hurricane-harvey_00000174,hurricane-harvey
hurricane-florence_00000357,hurricane-florence
hurricane-harvey_00000024,hurricane-harvey
hurricane-matthew_00000245,hurricane-matthew
hurricane-matthew_00000140,hurricane-matthew
santa-rosa-wildfire_00000190,santa-rosa-wildfire
hurricane-michael_00000455,hurricane-michael
hurricane-matthew_00000402,hurricane-matthew
hurricane-florence_00000079,hurricane-florence
hurricane-florence_00000242,hurricane-florence
midwest-flooding_00000435,midwest-flooding
hurricane-matthew_00000072,hurricane-matthew
hurricane-michael_00000535,hurricane-michael
hurricane-harvey_00000075,hurricane-harvey
midwest-flooding_00000039,midwest-flooding
santa-rosa-wildfire_00000348,santa-rosa-wildfire
hurricane-harvey_00000309,hurricane-harvey
hurricane-harvey_00000291,hurricane-harvey
mexico-earthquake_00000047,mexico-earthquake
hurricane-matthew_00000095,hurricane-matthew
mexico-earthquake_00000013,mexico-earthquake
hurricane-florence_00000139,hurricane-florence
socal-fire_00000106,socal-fire
hurricane-matthew_00000354,hurricane-matthew
socal-fire_00000156,socal-fire
hurricane-harvey_00000391,hurricane-harvey
socal-fire_00000377,socal-fire
hurricane-harvey_00000519,hurricane-harvey
socal-fire_00001293,socal-fire
hurricane-matthew_00000376,hurricane-matthew
hurricane-florence_00000537,hurricane-florence
socal-fire_00000957,socal-fire
hurricane-florence_00000441,hurricane-florence
hurricane-matthew_00000379,hurricane-matthew
midwest-flooding_00000221,midwest-flooding
hurricane-florence_00000001,hurricane-florence
hurricane-michael_00000130,hurricane-michael
hurricane-michael_00000540,hurricane-michael
socal-fire_00000001,socal-fire
hurricane-harvey_00000439,hurricane-harvey
hurricane-harvey_00000206,hurricane-harvey
hurricane-matthew_00000263,hurricane-matthew
midwest-flooding_00000400,midwest-flooding
midwest-flooding_00000068,midwest-flooding
hurricane-florence_00000060,hurricane-florence
hurricane-matthew_00000241,hurricane-matthew
hurricane-harvey_00000496,hurricane-harvey
hurricane-harvey_00000019,hurricane-harvey
socal-fire_00001255,socal-fire
hurricane-florence_00000277,hurricane-florence
socal-fire_00000383,socal-fire
socal-fire_00000639,socal-fire
hurricane-michael_00000051,hurricane-michael
hurricane-matthew_00000206,hurricane-matthew
hurricane-matthew_00000067,hurricane-matthew
santa-rosa-wildfire_00000055,santa-rosa-wildfire
mexico-earthquake_00000089,mexico-earthquake
santa-rosa-wildfire_00000209,santa-rosa-wildfire
socal-fire_00000503,socal-fire
socal-fire_00000709,socal-fire
hurricane-harvey_00000115,hurricane-harvey
socal-fire_00001077,socal-fire
mexico-earthquake_00000110,mexico-earthquake
hurricane-florence_00000473,hurricane-florence
hurricane-michael_00000208,hurricane-michael
hurricane-harvey_00000251,hurricane-harvey
midwest-flooding_00000381,midwest-flooding
socal-fire_00001263,socal-fire
hurricane-matthew_00000251,hurricane-matthew
hurricane-michael_00000260,hurricane-michael
santa-rosa-wildfire_00000149,santa-rosa-wildfire
hurricane-matthew_00000043,hurricane-matthew
midwest-flooding_00000340,midwest-flooding
mexico-earthquake_00000146,mexico-earthquake
hurricane-michael_00000312,hurricane-michael
socal-fire_00001102,socal-fire
socal-fire_00000785,socal-fire
socal-fire_00001278,socal-fire
hurricane-harvey_00000022,hurricane-harvey
socal-fire_00000695,socal-fire
hurricane-matthew_00000062,hurricane-matthew
hurricane-florence_00000453,hurricane-florence
hurricane-matthew_00000049,hurricane-matthew
socal-fire_00000035,socal-fire
palu-tsunami_00000065,palu-tsunami
guatemala-volcano_00000025,guatemala-volcano
hurricane-harvey_00000514,hurricane-harvey
socal-fire_00000204,socal-fire
socal-fire_00000697,socal-fire
hurricane-michael_00000077,hurricane-michael
hurricane-michael_00000143,hurricane-michael
midwest-flooding_00000398,midwest-flooding
socal-fire_00000531,socal-fire
hurricane-michael_00000509,hurricane-michael
socal-fire_00000672,socal-fire
socal-fire_00001136,socal-fire
hurricane-florence_00000308,hurricane-florence
socal-fire_00000642,socal-fire
santa-rosa-wildfire_00000166,santa-rosa-wildfire
palu-tsunami_00000022,palu-tsunami
hurricane-florence_00000016,hurricane-florence
socal-fire_00000472,socal-fire
hurricane-michael_00000187,hurricane-michael
hurricane-florence_00000497,hurricane-florence
socal-fire_00000146,socal-fire
mexico-earthquake_00000049,mexico-earthquake
socal-fire_00000032,socal-fire
hurricane-harvey_00000426,hurricane-harvey
hurricane-harvey_00000323,hurricane-harvey
socal-fire_00000517,socal-fire
midwest-flooding_00000268,midwest-flooding
midwest-flooding_00000029,midwest-flooding
midwest-flooding_00000115,midwest-flooding
socal-fire_00001367,socal-fire
santa-rosa-wildfire_00000171,santa-rosa-wildfire
socal-fire_00000384,socal-fire
socal-fire_00000340,socal-fire
hurricane-matthew_00000084,hurricane-matthew
socal-fire_00000336,socal-fire
socal-fire_00000442,socal-fire
socal-fire_00001165,socal-fire
midwest-flooding_00000108,midwest-flooding
socal-fire_00000951,socal-fire
hurricane-michael_00000344,hurricane-michael
hurricane-michael_00000183,hurricane-michael
hurricane-harvey_00000076,hurricane-harvey
mexico-earthquake_00000108,mexico-earthquake
socal-fire_00001356,socal-fire
hurricane-harvey_00000422,hurricane-harvey
midwest-flooding_00000423,midwest-flooding
mexico-earthquake_00000119,mexico-earthquake
midwest-flooding_00000328,midwest-flooding
santa-rosa-wildfire_00000192,santa-rosa-wildfire
santa-rosa-wildfire_00000258,santa-rosa-wildfire
socal-fire_00000781,socal-fire
hurricane-matthew_00000307,hurricane-matthew
hurricane-harvey_00000248,hurricane-harvey
midwest-flooding_00000193,midwest-flooding
hurricane-florence_00000438,hurricane-florence
hurricane-harvey_00000222,hurricane-harvey
santa-rosa-wildfire_00000345,santa-rosa-wildfire
midwest-flooding_00000031,midwest-flooding
socal-fire_00001325,socal-fire
hurricane-harvey_00000132,hurricane-harvey
socal-fire_00000257,socal-fire
midwest-flooding_00000426,midwest-flooding
socal-fire_00000585,socal-fire
guatemala-volcano_00000023,guatemala-volcano
hurricane-harvey_00000015,hurricane-harvey
hurricane-matthew_00000364,hurricane-matthew
palu-tsunami_00000133,palu-tsunami
hurricane-harvey_00000213,hurricane-harvey
socal-fire_00000004,socal-fire
hurricane-harvey_00000200,hurricane-harvey
santa-rosa-wildfire_00000169,santa-rosa-wildfire
midwest-flooding_00000329,midwest-flooding
hurricane-michael_00000306,hurricane-michael
guatemala-volcano_00000010,guatemala-volcano
hurricane-harvey_00000224,hurricane-harvey
hurricane-michael_00000088,hurricane-michael
hurricane-florence_00000335,hurricane-florence
hurricane-harvey_00000055,hurricane-harvey
hurricane-harvey_00000156,hurricane-harvey
guatemala-volcano_00000015,guatemala-volcano
santa-rosa-wildfire_00000298,santa-rosa-wildfire
hurricane-matthew_00000045,hurricane-matthew
midwest-flooding_00000357,midwest-flooding
hurricane-florence_00000140,hurricane-florence
socal-fire_00000926,socal-fire
hurricane-florence_00000185,hurricane-florence
palu-tsunami_00000061,palu-tsunami
hurricane-matthew_00000168,hurricane-matthew
mexico-earthquake_00000031,mexico-earthquake
hurricane-harvey_00000515,hurricane-harvey
hurricane-michael_00000500,hurricane-michael
socal-fire_00001304,socal-fire
socal-fire_00001092,socal-fire
socal-fire_00000973,socal-fire
hurricane-harvey_00000081,hurricane-harvey
socal-fire_00000084,socal-fire
hurricane-harvey_00000264,hurricane-harvey
mexico-earthquake_00000126,mexico-earthquake
socal-fire_00001204,socal-fire
socal-fire_00000269,socal-fire
midwest-flooding_00000359,midwest-flooding
midwest-flooding_00000164,midwest-flooding
socal-fire_00000372,socal-fire
hurricane-harvey_00000392,hurricane-harvey
palu-tsunami_00000112,palu-tsunami
midwest-flooding_00000144,midwest-flooding
hurricane-harvey_00000366,hurricane-harvey
socal-fire_00000704,socal-fire
hurricane-matthew_00000222,hurricane-matthew
hurricane-matthew_00000094,hurricane-matthew
socal-fire_00001363,socal-fire
socal-fire_00000866,socal-fire
hurricane-harvey_00000169,hurricane-harvey
socal-fire_00000675,socal-fire
palu-tsunami_00000084,palu-tsunami
midwest-flooding_00000093,midwest-flooding
midwest-flooding_00000182,midwest-flooding
santa-rosa-wildfire_00000331,santa-rosa-wildfire
socal-fire_00000643,socal-fire
socal-fire_00000270,socal-fire
hurricane-matthew_00000129,hurricane-matthew
hurricane-florence_00000231,hurricane-florence
hurricane-harvey_00000432,hurricane-harvey
socal-fire_00001385,socal-fire
hurricane-matthew_00000079,hurricane-matthew
hurricane-matthew_00000328,hurricane-matthew
santa-rosa-wildfire_00000027,santa-rosa-wildfire
socal-fire_00001215,socal-fire
mexico-earthquake_00000136,mexico-earthquake
hurricane-michael_00000380,hurricane-michael
hurricane-michael_00000313,hurricane-michael
hurricane-florence_00000315,hurricane-florence
palu-tsunami_00000087,palu-tsunami
hurricane-harvey_00000400,hurricane-harvey
santa-rosa-wildfire_00000214,santa-rosa-wildfire
hurricane-harvey_00000077,hurricane-harvey
socal-fire_00000410,socal-fire
hurricane-matthew_00000287,hurricane-matthew
santa-rosa-wildfire_00000185,santa-rosa-wildfire
hurricane-michael_00000017,hurricane-michael
hurricane-harvey_00000316,hurricane-harvey
hurricane-harvey_00000089,hurricane-harvey
socal-fire_00000992,socal-fire
santa-rosa-wildfire_00000079,santa-rosa-wildfire
guatemala-volcano_00000008,guatemala-volcano
hurricane-michael_00000184,hurricane-michael
hurricane-harvey_00000066,hurricane-harvey
hurricane-florence_00000542,hurricane-florence
hurricane-florence_00000094,hurricane-florence
hurricane-matthew_00000353,hurricane-matthew
midwest-flooding_00000200,midwest-flooding
hurricane-michael_00000485,hurricane-michael
palu-tsunami_00000011,palu-tsunami
hurricane-matthew_00000198,hurricane-matthew
socal-fire_00000907,socal-fire
socal-fire_00001350,socal-fire
hurricane-michael_00000348,hurricane-michael
socal-fire_00000677,socal-fire
hurricane-florence_00000428,hurricane-florence
hurricane-florence_00000416,hurricane-florence
hurricane-michael_00000422,hurricane-michael
santa-rosa-wildfire_00000034,santa-rosa-wildfire
hurricane-michael_00000499,hurricane-michael
hurricane-harvey_00000012,hurricane-harvey
hurricane-florence_00000174,hurricane-florence
hurricane-matthew_00000050,hurricane-matthew
socal-fire_00000790,socal-fire
midwest-flooding_00000027,midwest-flooding
hurricane-florence_00000120,hurricane-florence
hurricane-matthew_00000181,hurricane-matthew
socal-fire_00000842,socal-fire
socal-fire_00001234,socal-fire
hurricane-matthew_00000190,hurricane-matthew
midwest-flooding_00000304,midwest-flooding
socal-fire_00000332,socal-fire
hurricane-michael_00000012,hurricane-michael
santa-rosa-wildfire_00000248,santa-rosa-wildfire
socal-fire_00001171,socal-fire
socal-fire_00000178,socal-fire
socal-fire_00000103,socal-fire
hurricane-matthew_00000128,hurricane-matthew
hurricane-florence_00000329,hurricane-florence
hurricane-florence_00000181,hurricane-florence
socal-fire_00000851,socal-fire
palu-tsunami_00000000,palu-tsunami
socal-fire_00000199,socal-fire
midwest-flooding_00000220,midwest-flooding
hurricane-harvey_00000204,hurricane-harvey
santa-rosa-wildfire_00000355,santa-rosa-wildfire
hurricane-michael_00000214,hurricane-michael
hurricane-harvey_00000345,hurricane-harvey
palu-tsunami_00000071,palu-tsunami
midwest-flooding_00000397,midwest-flooding
santa-rosa-wildfire_00000179,santa-rosa-wildfire
hurricane-harvey_00000134,hurricane-harvey
mexico-earthquake_00000021,mexico-earthquake
mexico-earthquake_00000043,mexico-earthquake
hurricane-harvey_00000177,hurricane-harvey
midwest-flooding_00000148,midwest-flooding
socal-fire_00000430,socal-fire
santa-rosa-wildfire_00000271,santa-rosa-wildfire
midwest-flooding_00000143,midwest-flooding
hurricane-matthew_00000063,hurricane-matthew
palu-tsunami_00000110,palu-tsunami
hurricane-michael_00000521,hurricane-michael
midwest-flooding_00000407,midwest-flooding
hurricane-harvey_00000158,hurricane-harvey
hurricane-matthew_00000365,hurricane-matthew
hurricane-michael_00000157,hurricane-michael
socal-fire_00000789,socal-fire
midwest-flooding_00000073,midwest-flooding
socal-fire_00000313,socal-fire
hurricane-michael_00000028,hurricane-michael
socal-fire_00000003,socal-fire
palu-tsunami_00000167,palu-tsunami
socal-fire_00000607,socal-fire
santa-rosa-wildfire_00000041,santa-rosa-wildfire
midwest-flooding_00000228,midwest-flooding
socal-fire_00001000,socal-fire
socal-fire_00000447,socal-fire
mexico-earthquake_00000023,mexico-earthquake
socal-fire_00001375,socal-fire
hurricane-michael_00000476,hurricane-michael
socal-fire_00000079,socal-fire
socal-fire_00000914,socal-fire
santa-rosa-wildfire_00000096,santa-rosa-wildfire
hurricane-michael_00000388,hurricane-michael
palu-tsunami_00000042,palu-tsunami
hurricane-michael_00000389,hurricane-michael
socal-fire_00000429,socal-fire
hurricane-michael_00000004,hurricane-michael
socal-fire_00001399,socal-fire
hurricane-harvey_00000499,hurricane-harvey
palu-tsunami_00000148,palu-tsunami
midwest-flooding_00000252,midwest-flooding
socal-fire_00000972,socal-fire
socal-fire_00001374,socal-fire
socal-fire_00000462,socal-fire
hurricane-florence_00000389,hurricane-florence
santa-rosa-wildfire_00000270,santa-rosa-wildfire
socal-fire_00000058,socal-fire
socal-fire_00000318,socal-fire
hurricane-michael_00000305,hurricane-michael
hurricane-florence_00000501,hurricane-florence
hurricane-harvey_00000446,hurricane-harvey
hurricane-harvey_00000258,hurricane-harvey
hurricane-matthew_00000086,hurricane-matthew
hurricane-matthew_00000152,hurricane-matthew
socal-fire_00000987,socal-fire
socal-fire_00001394,socal-fire
midwest-flooding_00000065,midwest-flooding
socal-fire_00001027,socal-fire
socal-fire_00000226,socal-fire
santa-rosa-wildfire_00000164,santa-rosa-wildfire
hurricane-matthew_00000336,hurricane-matthew
hurricane-harvey_00000260,hurricane-harvey
hurricane-florence_00000027,hurricane-florence
hurricane-matthew_00000392,hurricane-matthew
socal-fire_00000421,socal-fire
hurricane-matthew_00000363,hurricane-matthew
midwest-flooding_00000431,midwest-flooding
hurricane-michael_00000093,hurricane-michael
hurricane-michael_00000371,hurricane-michael
socal-fire_00000141,socal-fire
hurricane-harvey_00000154,hurricane-harvey
hurricane-michael_00000238,hurricane-michael
midwest-flooding_00000283,midwest-flooding
socal-fire_00001331,socal-fire
hurricane-florence_00000115,hurricane-florence
hurricane-harvey_00000073,hurricane-harvey
midwest-flooding_00000086,midwest-flooding
socal-fire_00001079,socal-fire
socal-fire_00000057,socal-fire
midwest-flooding_00000167,midwest-flooding
mexico-earthquake_00000070,mexico-earthquake
hurricane-michael_00000409,hurricane-michael
santa-rosa-wildfire_00000318,santa-rosa-wildfire
hurricane-harvey_00000107,hurricane-harvey
socal-fire_00001075,socal-fire
socal-fire_00000308,socal-fire
mexico-earthquake_00000176,mexico-earthquake
hurricane-michael_00000522,hurricane-michael
mexico-earthquake_00000142,mexico-earthquake
midwest-flooding_00000316,midwest-flooding
hurricane-florence_00000306,hurricane-florence
santa-rosa-wildfire_00000158,santa-rosa-wildfire
socal-fire_00000975,socal-fire
mexico-earthquake_00000111,mexico-earthquake
socal-fire_00001113,socal-fire
hurricane-harvey_00000351,hurricane-harvey
hurricane-florence_00000158,hurricane-florence
socal-fire_00000107,socal-fire
socal-fire_00001364,socal-fire
socal-fire_00000569,socal-fire
mexico-earthquake_00000048,mexico-earthquake
hurricane-florence_00000360,hurricane-florence
hurricane-matthew_00000200,hurricane-matthew
mexico-earthquake_00000125,mexico-earthquake
midwest-flooding_00000070,midwest-flooding
hurricane-matthew_00000048,hurricane-matthew
mexico-earthquake_00000044,mexico-earthquake
socal-fire_00000727,socal-fire
socal-fire_00000545,socal-fire
hurricane-florence_00000427,hurricane-florence
hurricane-michael_00000498,hurricane-michael
midwest-flooding_00000061,midwest-flooding
socal-fire_00000027,socal-fire
mexico-earthquake_00000052,mexico-earthquake
santa-rosa-wildfire_00000155,santa-rosa-wildfire
hurricane-michael_00000393,hurricane-michael
hurricane-harvey_00000052,hurricane-harvey
midwest-flooding_00000242,midwest-flooding
hurricane-michael_00000486,hurricane-michael
hurricane-harvey_00000284,hurricane-harvey
midwest-flooding_00000211,midwest-flooding
hurricane-michael_00000412,hurricane-michael
mexico-earthquake_00000164,mexico-earthquake
hurricane-matthew_00000031,hurricane-matthew
santa-rosa-wildfire_00000299,santa-rosa-wildfire
midwest-flooding_00000415,midwest-flooding
hurricane-michael_00000548,hurricane-michael
hurricane-harvey_00000056,hurricane-harvey
socal-fire_00001186,socal-fire
hurricane-harvey_00000319,hurricane-harvey
hurricane-florence_00000408,hurricane-florence
hurricane-florence_00000051,hurricane-florence
santa-rosa-wildfire_00000093,santa-rosa-wildfire
socal-fire_00001106,socal-fire
hurricane-harvey_00000196,hurricane-harvey
socal-fire_00000747,socal-fire
santa-rosa-wildfire_00000129,santa-rosa-wildfire
socal-fire_00001108,socal-fire
hurricane-florence_00000260,hurricane-florence
socal-fire_00000865,socal-fire
socal-fire_00001184,socal-fire
socal-fire_00001260,socal-fire
hurricane-harvey_00000336,hurricane-harvey
midwest-flooding_00000385,midwest-flooding
socal-fire_00000400,socal-fire
hurricane-florence_00000506,hurricane-florence
socal-fire_00000435,socal-fire
socal-fire_00001135,socal-fire
socal-fire_00000228,socal-fire
palu-tsunami_00000058,palu-tsunami
socal-fire_00001380,socal-fire
palu-tsunami_00000034,palu-tsunami
hurricane-harvey_00000335,hurricane-harvey
socal-fire_00001156,socal-fire
santa-rosa-wildfire_00000361,santa-rosa-wildfire
socal-fire_00000012,socal-fire
hurricane-michael_00000056,hurricane-michael
midwest-flooding_00000087,midwest-flooding
socal-fire_00000369,socal-fire
hurricane-matthew_00000104,hurricane-matthew
santa-rosa-wildfire_00000151,santa-rosa-wildfire
hurricane-matthew_00000237,hurricane-matthew
hurricane-florence_00000278,hurricane-florence
socal-fire_00001152,socal-fire
socal-fire_00001389,socal-fire
midwest-flooding_00000392,midwest-flooding
hurricane-florence_00000110,hurricane-florence
hurricane-matthew_00000316,hurricane-matthew
hurricane-florence_00000369,hurricane-florence
socal-fire_00001346,socal-fire
socal-fire_00000046,socal-fire
hurricane-florence_00000454,hurricane-florence
palu-tsunami_00000015,palu-tsunami
socal-fire_00000353,socal-fire
socal-fire_00001322,socal-fire
hurricane-matthew_00000355,hurricane-matthew
socal-fire_00000553,socal-fire
palu-tsunami_00000040,palu-tsunami
santa-rosa-wildfire_00000070,santa-rosa-wildfire
hurricane-florence_00000053,hurricane-florence
hurricane-michael_00000347,hurricane-michael
hurricane-florence_00000330,hurricane-florence
palu-tsunami_00000160,palu-tsunami
socal-fire_00000945,socal-fire
midwest-flooding_00000367,midwest-flooding
palu-tsunami_00000174,palu-tsunami
hurricane-florence_00000163,hurricane-florence
palu-tsunami_00000016,palu-tsunami
hurricane-matthew_00000172,hurricane-matthew
socal-fire_00000576,socal-fire
socal-fire_00000222,socal-fire
socal-fire_00000657,socal-fire
socal-fire_00000748,socal-fire
socal-fire_00001390,socal-fire
hurricane-michael_00000014,hurricane-michael
hurricane-matthew_00000090,hurricane-matthew
palu-tsunami_00000131,palu-tsunami
hurricane-florence_00000380,hurricane-florence
socal-fire_00000868,socal-fire
midwest-flooding_00000380,midwest-flooding
hurricane-michael_00000039,hurricane-michael
hurricane-harvey_00000237,hurricane-harvey
socal-fire_00000420,socal-fire
socal-fire_00000688,socal-fire
mexico-earthquake_00000015,mexico-earthquake
socal-fire_00001123,socal-fire
socal-fire_00001349,socal-fire
palu-tsunami_00000002,palu-tsunami
socal-fire_00000122,socal-fire
socal-fire_00000157,socal-fire
hurricane-michael_00000302,hurricane-michael
socal-fire_00000994,socal-fire
hurricane-harvey_00000170,hurricane-harvey
hurricane-michael_00000165,hurricane-michael
hurricane-florence_00000404,hurricane-florence
palu-tsunami_00000074,palu-tsunami
hurricane-harvey_00000482,hurricane-harvey
mexico-earthquake_00000039,mexico-earthquake
hurricane-florence_00000449,hurricane-florence
socal-fire_00000042,socal-fire
hurricane-michael_00000536,hurricane-michael
socal-fire_00001115,socal-fire
hurricane-matthew_00000125,hurricane-matthew
hurricane-florence_00000279,hurricane-florence
hurricane-michael_00000489,hurricane-michael
santa-rosa-wildfire_00000017,santa-rosa-wildfire
hurricane-harvey_00000285,hurricane-harvey
hurricane-michael_00000075,hurricane-michael
socal-fire_00000422,socal-fire
hurricane-matthew_00000097,hurricane-matthew
hurricane-harvey_00000269,hurricane-harvey
hurricane-harvey_00000159,hurricane-harvey
midwest-flooding_00000161,midwest-flooding
socal-fire_00000909,socal-fire
socal-fire_00000515,socal-fire
midwest-flooding_00000406,midwest-flooding
socal-fire_00000301,socal-fire
mexico-earthquake_00000159,mexico-earthquake
hurricane-matthew_00000228,hurricane-matthew
hurricane-michael_00000247,hurricane-michael
socal-fire_00001377,socal-fire
hurricane-matthew_00000296,hurricane-matthew
socal-fire_00000354,socal-fire
hurricane-matthew_00000249,hurricane-matthew
hurricane-florence_00000069,hurricane-florence
hurricane-michael_00000490,hurricane-michael
socal-fire_00000224,socal-fire
socal-fire_00001330,socal-fire
mexico-earthquake_00000168,mexico-earthquake
hurricane-matthew_00000051,hurricane-matthew
mexico-earthquake_00000138,mexico-earthquake
midwest-flooding_00000263,midwest-flooding
socal-fire_00001347,socal-fire
santa-rosa-wildfire_00000210,santa-rosa-wildfire
socal-fire_00000599,socal-fire
santa-rosa-wildfire_00000073,santa-rosa-wildfire
socal-fire_00000285,socal-fire
hurricane-florence_00000467,hurricane-florence
midwest-flooding_00000418,midwest-flooding
socal-fire_00000833,socal-fire
hurricane-florence_00000336,hurricane-florence
midwest-flooding_00000181,midwest-flooding
midwest-flooding_00000374,midwest-flooding
hurricane-florence_00000066,hurricane-florence
hurricane-florence_00000461,hurricane-florence
socal-fire_00000048,socal-fire
hurricane-matthew_00000075,hurricane-matthew
hurricane-harvey_00000221,hurricane-harvey
midwest-flooding_00000054,midwest-flooding
socal-fire_00000130,socal-fire
mexico-earthquake_00000179,mexico-earthquake
hurricane-florence_00000362,hurricane-florence
socal-fire_00000022,socal-fire
socal-fire_00001180,socal-fire
midwest-flooding_00000125,midwest-flooding
hurricane-florence_00000393,hurricane-florence
midwest-flooding_00000289,midwest-flooding
hurricane-harvey_00000346,hurricane-harvey
hurricane-harvey_00000361,hurricane-harvey
socal-fire_00000240,socal-fire
mexico-earthquake_00000155,mexico-earthquake
socal-fire_00000698,socal-fire
hurricane-michael_00000517,hurricane-michael
midwest-flooding_00000403,midwest-flooding
hurricane-michael_00000271,hurricane-michael
socal-fire_00001275,socal-fire
midwest-flooding_00000121,midwest-flooding
socal-fire_00000101,socal-fire
santa-rosa-wildfire_00000069,santa-rosa-wildfire
santa-rosa-wildfire_00000090,santa-rosa-wildfire
hurricane-michael_00000174,hurricane-michael
hurricane-harvey_00000419,hurricane-harvey
hurricane-florence_00000325,hurricane-florence
hurricane-harvey_00000054,hurricane-harvey
santa-rosa-wildfire_00000344,santa-rosa-wildfire
mexico-earthquake_00000079,mexico-earthquake
hurricane-harvey_00000357,hurricane-harvey
hurricane-michael_00000195,hurricane-michael
socal-fire_00000469,socal-fire
santa-rosa-wildfire_00000177,santa-rosa-wildfire
hurricane-michael_00000480,hurricane-michael
socal-fire_00000297,socal-fire
socal-fire_00001001,socal-fire
santa-rosa-wildfire_00000334,santa-rosa-wildfire
socal-fire_00000602,socal-fire
socal-fire_00001007,socal-fire
hurricane-michael_00000362,hurricane-michael
hurricane-michael_00000236,hurricane-michael
socal-fire_00000578,socal-fire
santa-rosa-wildfire_00000246,santa-rosa-wildfire
socal-fire_00001176,socal-fire
hurricane-harvey_00000136,hurricane-harvey
hurricane-matthew_00000393,hurricane-matthew
hurricane-harvey_00000176,hurricane-harvey
santa-rosa-wildfire_00000105,santa-rosa-wildfire
midwest-flooding_00000141,midwest-flooding
midwest-flooding_00000021,midwest-flooding
socal-fire_00001093,socal-fire
midwest-flooding_00000049,midwest-flooding
mexico-earthquake_00000075,mexico-earthquake
hurricane-florence_00000372,hurricane-florence
santa-rosa-wildfire_00000116,santa-rosa-wildfire
hurricane-matthew_00000149,hurricane-matthew
socal-fire_00000535,socal-fire
hurricane-florence_00000290,hurricane-florence
hurricane-florence_00000144,hurricane-florence
hurricane-michael_00000244,hurricane-michael
hurricane-harvey_00000423,hurricane-harvey
hurricane-florence_00000312,hurricane-florence
hurricane-michael_00000387,hurricane-michael
socal-fire_00000964,socal-fire
socal-fire_00000025,socal-fire
socal-fire_00000051,socal-fire
socal-fire_00000078,socal-fire
hurricane-florence_00000195,hurricane-florence
socal-fire_00000088,socal-fire
socal-fire_00001121,socal-fire
hurricane-florence_00000164,hurricane-florence
socal-fire_00000373,socal-fire
hurricane-matthew_00000233,hurricane-matthew
hurricane-florence_00000282,hurricane-florence
hurricane-michael_00000147,hurricane-michael
hurricane-florence_00000431,hurricane-florence
socal-fire_00000376,socal-fire
socal-fire_00001237,socal-fire
midwest-flooding_00000036,midwest-flooding
hurricane-harvey_00000000,hurricane-harvey
hurricane-harvey_00000344,hurricane-harvey
santa-rosa-wildfire_00000050,santa-rosa-wildfire
midwest-flooding_00000338,midwest-flooding
socal-fire_00000511,socal-fire
hurricane-matthew_00000064,hurricane-matthew
hurricane-florence_00000218,hurricane-florence
socal-fire_00000059,socal-fire
hurricane-harvey_00000123,hurricane-harvey
socal-fire_00000163,socal-fire
socal-fire_00000572,socal-fire
hurricane-michael_00000442,hurricane-michael
hurricane-michael_00000546,hurricane-michael
socal-fire_00000357,socal-fire
socal-fire_00000183,socal-fire
santa-rosa-wildfire_00000351,santa-rosa-wildfire
mexico-earthquake_00000100,mexico-earthquake
socal-fire_00001373,socal-fire
santa-rosa-wildfire_00000106,santa-rosa-wildfire
midwest-flooding_00000102,midwest-flooding
santa-rosa-wildfire_00000119,santa-rosa-wildfire
socal-fire_00000432,socal-fire
socal-fire_00000193,socal-fire
socal-fire_00000577,socal-fire
santa-rosa-wildfire_00000023,santa-rosa-wildfire
hurricane-harvey_00000274,hurricane-harvey
hurricane-matthew_00000238,hurricane-matthew
socal-fire_00000232,socal-fire
socal-fire_00000959,socal-fire
hurricane-harvey_00000388,hurricane-harvey
hurricane-florence_00000259,hurricane-florence
santa-rosa-wildfire_00000011,santa-rosa-wildfire
santa-rosa-wildfire_00000161,santa-rosa-wildfire
mexico-earthquake_00000192,mexico-earthquake
socal-fire_00001268,socal-fire
santa-rosa-wildfire_00000224,santa-rosa-wildfire
hurricane-michael_00000361,hurricane-michael
santa-rosa-wildfire_00000059,santa-rosa-wildfire
midwest-flooding_00000267,midwest-flooding
socal-fire_00000538,socal-fire
midwest-flooding_00000079,midwest-flooding
socal-fire_00001105,socal-fire
midwest-flooding_00000041,midwest-flooding
hurricane-michael_00000472,hurricane-michael
socal-fire_00000411,socal-fire
hurricane-harvey_00000006,hurricane-harvey
midwest-flooding_00000319,midwest-flooding
guatemala-volcano_00000024,guatemala-volcano
hurricane-michael_00000292,hurricane-michael
socal-fire_00000958,socal-fire
hurricane-harvey_00000511,hurricane-harvey
palu-tsunami_00000171,palu-tsunami
hurricane-matthew_00000005,hurricane-matthew
socal-fire_00000891,socal-fire
socal-fire_00000840,socal-fire
socal-fire_00000632,socal-fire
hurricane-matthew_00000006,hurricane-matthew
hurricane-matthew_00000301,hurricane-matthew
socal-fire_00000008,socal-fire
hurricane-harvey_00000381,hurricane-harvey
hurricane-florence_00000183,hurricane-florence
midwest-flooding_00000393,midwest-flooding
socal-fire_00000669,socal-fire
hurricane-michael_00000059,hurricane-michael
midwest-flooding_00000152,midwest-flooding
midwest-flooding_00000137,midwest-flooding
hurricane-florence_00000122,hurricane-florence
santa-rosa-wildfire_00000187,santa-rosa-wildfire
socal-fire_00000859,socal-fire
midwest-flooding_00000279,midwest-flooding
mexico-earthquake_00000181,mexico-earthquake
socal-fire_00000221,socal-fire
hurricane-florence_00000504,hurricane-florence
hurricane-harvey_00000278,hurricane-harvey
santa-rosa-wildfire_00000058,santa-rosa-wildfire
socal-fire_00001083,socal-fire
socal-fire_00000144,socal-fire
socal-fire_00000581,socal-fire
midwest-flooding_00000264,midwest-flooding
santa-rosa-wildfire_00000216,santa-rosa-wildfire
hurricane-harvey_00000145,hurricane-harvey
socal-fire_00001344,socal-fire
santa-rosa-wildfire_00000042,santa-rosa-wildfire
santa-rosa-wildfire_00000033,santa-rosa-wildfire
midwest-flooding_00000318,midwest-flooding
hurricane-michael_00000011,hurricane-michael
hurricane-florence_00000433,hurricane-florence
socal-fire_00000556,socal-fire
socal-fire_00000843,socal-fire
hurricane-matthew_00000017,hurricane-matthew
midwest-flooding_00000222,midwest-flooding
palu-tsunami_00000054,palu-tsunami
socal-fire_00001067,socal-fire
palu-tsunami_00000115,palu-tsunami
hurricane-florence_00000269,hurricane-florence
hurricane-harvey_00000329,hurricane-harvey
socal-fire_00001019,socal-fire
midwest-flooding_00000416,midwest-flooding
hurricane-florence_00000193,hurricane-florence
hurricane-harvey_00000153,hurricane-harvey
palu-tsunami_00000108,palu-tsunami
hurricane-harvey_00000397,hurricane-harvey
socal-fire_00000346,socal-fire
socal-fire_00001334,socal-fire
socal-fire_00000311,socal-fire
socal-fire_00000962,socal-fire
hurricane-matthew_00000052,hurricane-matthew
hurricane-harvey_00000241,hurricane-harvey
socal-fire_00001269,socal-fire
hurricane-michael_00000120,hurricane-michael
santa-rosa-wildfire_00000132,santa-rosa-wildfire
socal-fire_00000219,socal-fire
santa-rosa-wildfire_00000014,santa-rosa-wildfire
hurricane-matthew_00000341,hurricane-matthew
midwest-flooding_00000203,midwest-flooding
hurricane-matthew_00000030,hurricane-matthew
hurricane-florence_00000304,hurricane-florence
hurricane-michael_00000217,hurricane-michael
midwest-flooding_00000444,midwest-flooding
hurricane-harvey_00000040,hurricane-harvey
hurricane-florence_00000146,hurricane-florence
hurricane-florence_00000464,hurricane-florence
hurricane-michael_00000340,hurricane-michael
socal-fire_00000153,socal-fire
socal-fire_00001355,socal-fire
hurricane-matthew_00000239,hurricane-matthew
socal-fire_00000647,socal-fire
santa-rosa-wildfire_00000308,santa-rosa-wildfire
socal-fire_00000985,socal-fire
socal-fire_00000787,socal-fire
midwest-flooding_00000258,midwest-flooding
midwest-flooding_00000219,midwest-flooding
socal-fire_00000135,socal-fire
hurricane-harvey_00000402,hurricane-harvey
socal-fire_00000573,socal-fire
socal-fire_00000433,socal-fire
socal-fire_00001297,socal-fire
hurricane-matthew_00000139,hurricane-matthew
hurricane-harvey_00000270,hurricane-harvey
hurricane-matthew_00000384,hurricane-matthew
socal-fire_00000701,socal-fire
mexico-earthquake_00000007,mexico-earthquake
socal-fire_00000348,socal-fire
socal-fire_00001232,socal-fire
hurricane-michael_00000205,hurricane-michael
socal-fire_00000618,socal-fire
socal-fire_00000691,socal-fire
hurricane-michael_00000269,hurricane-michael
hurricane-harvey_00000318,hurricane-harvey
mexico-earthquake_00000009,mexico-earthquake
socal-fire_00000852,socal-fire
palu-tsunami_00000189,palu-tsunami
socal-fire_00000861,socal-fire
hurricane-michael_00000210,hurricane-michael
midwest-flooding_00000322,midwest-flooding
hurricane-harvey_00000242,hurricane-harvey
santa-rosa-wildfire_00000057,santa-rosa-wildfire
midwest-flooding_00000190,midwest-flooding
socal-fire_00001315,socal-fire
hurricane-florence_00000411,hurricane-florence
socal-fire_00000760,socal-fire
socal-fire_00001196,socal-fire
midwest-flooding_00000355,midwest-flooding
hurricane-harvey_00000114,hurricane-harvey
midwest-flooding_00000197,midwest-flooding
midwest-flooding_00000368,midwest-flooding
hurricane-michael_00000261,hurricane-michael
hurricane-harvey_00000243,hurricane-harvey
hurricane-matthew_00000056,hurricane-matthew
palu-tsunami_00000168,palu-tsunami
hurricane-florence_00000212,hurricane-florence
socal-fire_00000273,socal-fire
midwest-flooding_00000005,midwest-flooding
guatemala-volcano_00000007,guatemala-volcano
santa-rosa-wildfire_00000003,santa-rosa-wildfire
socal-fire_00000169,socal-fire
hurricane-florence_00000493,hurricane-florence
palu-tsunami_00000175,palu-tsunami
hurricane-michael_00000311,hurricane-michael
socal-fire_00001203,socal-fire
socal-fire_00000251,socal-fire
socal-fire_00000600,socal-fire
socal-fire_00000339,socal-fire
hurricane-harvey_00000382,hurricane-harvey
santa-rosa-wildfire_00000268,santa-rosa-wildfire
mexico-earthquake_00000166,mexico-earthquake
hurricane-florence_00000104,hurricane-florence
socal-fire_00000253,socal-fire
hurricane-michael_00000122,hurricane-michael
socal-fire_00000087,socal-fire
hurricane-michael_00000045,hurricane-michael
santa-rosa-wildfire_00000075,santa-rosa-wildfire
hurricane-matthew_00000400,hurricane-matthew
hurricane-michael_00000134,hurricane-michael
santa-rosa-wildfire_00000306,santa-rosa-wildfire
palu-tsunami_00000118,palu-tsunami
socal-fire_00001103,socal-fire
hurricane-florence_00000272,hurricane-florence
hurricane-harvey_00000280,hurricane-harvey
socal-fire_00000886,socal-fire
palu-tsunami_00000067,palu-tsunami
hurricane-matthew_00000169,hurricane-matthew
hurricane-harvey_00000101,hurricane-harvey
hurricane-matthew_00000167,hurricane-matthew
socal-fire_00000136,socal-fire
hurricane-harvey_00000217,hurricane-harvey
socal-fire_00000271,socal-fire
hurricane-matthew_00000143,hurricane-matthew
hurricane-michael_00000324,hurricane-michael
hurricane-michael_00000285,hurricane-michael
hurricane-harvey_00000141,hurricane-harvey
hurricane-matthew_00000311,hurricane-matthew
midwest-flooding_00000131,midwest-flooding
midwest-flooding_00000429,midwest-flooding
socal-fire_00001258,socal-fire
palu-tsunami_00000068,palu-tsunami
hurricane-florence_00000188,hurricane-florence
mexico-earthquake_00000128,mexico-earthquake
hurricane-matthew_00000346,hurricane-matthew
hurricane-matthew_00000278,hurricane-matthew
socal-fire_00001040,socal-fire
socal-fire_00000680,socal-fire
socal-fire_00000564,socal-fire
hurricane-michael_00000000,hurricane-michael
santa-rosa-wildfire_00000369,santa-rosa-wildfire
palu-tsunami_00000076,palu-tsunami
socal-fire_00000915,socal-fire
socal-fire_00000471,socal-fire
hurricane-michael_00000419,hurricane-michael
hurricane-michael_00000367,hurricane-michael
socal-fire_00000969,socal-fire
hurricane-florence_00000513,hurricane-florence
hurricane-harvey_00000292,hurricane-harvey
santa-rosa-wildfire_00000103,santa-rosa-wildfire
hurricane-harvey_00000007,hurricane-harvey
santa-rosa-wildfire_00000321,santa-rosa-wildfire
santa-rosa-wildfire_00000374,santa-rosa-wildfire
socal-fire_00000264,socal-fire
socal-fire_00001072,socal-fire
hurricane-michael_00000315,hurricane-michael
hurricane-florence_00000049,hurricane-florence
hurricane-michael_00000257,hurricane-michael
socal-fire_00000446,socal-fire
socal-fire_00000402,socal-fire
socal-fire_00000259,socal-fire
hurricane-florence_00000414,hurricane-florence
midwest-flooding_00000043,midwest-flooding
midwest-flooding_00000172,midwest-flooding
socal-fire_00000335,socal-fire
socal-fire_00000794,socal-fire
palu-tsunami_00000154,palu-tsunami
hurricane-michael_00000334,hurricane-michael
hurricane-harvey_00000517,hurricane-harvey
midwest-flooding_00000270,midwest-flooding
hurricane-florence_00000399,hurricane-florence
santa-rosa-wildfire_00000110,santa-rosa-wildfire
hurricane-michael_00000024,hurricane-michael
hurricane-matthew_00000187,hurricane-matthew
hurricane-florence_00000443,hurricane-florence
santa-rosa-wildfire_00000223,santa-rosa-wildfire
hurricane-michael_00000233,hurricane-michael
hurricane-matthew_00000305,hurricane-matthew
hurricane-harvey_00000347,hurricane-harvey
santa-rosa-wildfire_00000327,santa-rosa-wildfire
socal-fire_00000584,socal-fire
hurricane-florence_00000057,hurricane-florence
hurricane-florence_00000059,hurricane-florence
socal-fire_00001292,socal-fire
hurricane-harvey_00000244,hurricane-harvey
socal-fire_00001110,socal-fire
santa-rosa-wildfire_00000173,santa-rosa-wildfire
socal-fire_00000203,socal-fire
socal-fire_00001021,socal-fire
hurricane-florence_00000020,hurricane-florence
hurricane-harvey_00000437,hurricane-harvey
hurricane-matthew_00000176,hurricane-matthew
socal-fire_00000876,socal-fire
hurricane-florence_00000015,hurricane-florence
hurricane-matthew_00000182,hurricane-matthew
socal-fire_00000827,socal-fire
hurricane-matthew_00000001,hurricane-matthew
socal-fire_00001282,socal-fire
hurricane-florence_00000459,hurricane-florence
socal-fire_00000652,socal-fire
hurricane-harvey_00000099,hurricane-harvey
hurricane-harvey_00000098,hurricane-harvey
santa-rosa-wildfire_00000125,santa-rosa-wildfire
santa-rosa-wildfire_00000117,santa-rosa-wildfire
hurricane-harvey_00000035,hurricane-harvey
palu-tsunami_00000188,palu-tsunami
mexico-earthquake_00000033,mexico-earthquake
midwest-flooding_00000033,midwest-flooding
hurricane-harvey_00000477,hurricane-harvey
hurricane-michael_00000515,hurricane-michael
hurricane-harvey_00000333,hurricane-harvey
hurricane-michael_00000328,hurricane-michael
socal-fire_00000093,socal-fire
palu-tsunami_00000043,palu-tsunami
socal-fire_00000215,socal-fire
santa-rosa-wildfire_00000254,santa-rosa-wildfire
midwest-flooding_00000253,midwest-flooding
socal-fire_00001324,socal-fire
socal-fire_00001366,socal-fire
socal-fire_00000352,socal-fire
socal-fire_00000065,socal-fire
socal-fire_00000438,socal-fire
midwest-flooding_00000249,midwest-flooding
palu-tsunami_00000045,palu-tsunami
palu-tsunami_00000132,palu-tsunami
hurricane-matthew_00000179,hurricane-matthew
socal-fire_00001166,socal-fire
santa-rosa-wildfire_00000168,santa-rosa-wildfire
socal-fire_00000751,socal-fire
hurricane-harvey_00000265,hurricane-harvey
socal-fire_00001120,socal-fire
socal-fire_00000175,socal-fire
mexico-earthquake_00000191,mexico-earthquake
hurricane-florence_00000368,hurricane-florence
socal-fire_00001020,socal-fire
hurricane-harvey_00000469,hurricane-harvey
socal-fire_00000292,socal-fire
mexico-earthquake_00000057,mexico-earthquake
hurricane-harvey_00000505,hurricane-harvey
mexico-earthquake_00000102,mexico-earthquake
hurricane-matthew_00000264,hurricane-matthew
midwest-flooding_00000194,midwest-flooding
midwest-flooding_00000159,midwest-flooding
socal-fire_00000160,socal-fire
socal-fire_00000478,socal-fire
socal-fire_00000740,socal-fire
socal-fire_00001049,socal-fire
socal-fire_00001286,socal-fire
socal-fire_00000082,socal-fire
hurricane-harvey_00000484,hurricane-harvey
socal-fire_00000821,socal-fire
hurricane-michael_00000267,hurricane-michael
hurricane-florence_00000191,hurricane-florence
socal-fire_00000451,socal-fire
socal-fire_00000822,socal-fire
hurricane-florence_00000216,hurricane-florence
hurricane-harvey_00000157,hurricane-harvey
socal-fire_00001313,socal-fire
mexico-earthquake_00000067,mexico-earthquake
socal-fire_00000686,socal-fire
hurricane-michael_00000284,hurricane-michael
midwest-flooding_00000153,midwest-flooding
socal-fire_00000110,socal-fire
hurricane-florence_00000423,hurricane-florence
hurricane-michael_00000369,hurricane-michael
palu-tsunami_00000066,palu-tsunami
hurricane-matthew_00000166,hurricane-matthew
hurricane-harvey_00000508,hurricane-harvey
socal-fire_00000302,socal-fire
hurricane-harvey_00000130,hurricane-harvey
hurricane-harvey_00000436,hurricane-harvey
socal-fire_00000010,socal-fire
hurricane-matthew_00000003,hurricane-matthew
socal-fire_00001052,socal-fire
santa-rosa-wildfire_00000203,santa-rosa-wildfire
hurricane-michael_00000308,hurricane-michael
midwest-flooding_00000196,midwest-flooding
hurricane-harvey_00000461,hurricane-harvey
hurricane-michael_00000224,hurricane-michael
santa-rosa-wildfire_00000301,santa-rosa-wildfire
hurricane-matthew_00000193,hurricane-matthew
palu-tsunami_00000024,palu-tsunami
socal-fire_00000838,socal-fire
hurricane-michael_00000251,hurricane-michael
midwest-flooding_00000405,midwest-flooding
santa-rosa-wildfire_00000373,santa-rosa-wildfire
hurricane-florence_00000008,hurricane-florence
socal-fire_00001150,socal-fire
hurricane-matthew_00000192,hurricane-matthew
socal-fire_00000908,socal-fire
hurricane-florence_00000229,hurricane-florence
hurricane-florence_00000407,hurricane-florence
hurricane-harvey_00000016,hurricane-harvey
hurricane-harvey_00000412,hurricane-harvey
socal-fire_00000550,socal-fire
hurricane-matthew_00000155,hurricane-matthew
santa-rosa-wildfire_00000283,santa-rosa-wildfire
socal-fire_00001058,socal-fire
santa-rosa-wildfire_00000094,santa-rosa-wildfire
socal-fire_00000580,socal-fire
hurricane-michael_00000273,hurricane-michael
hurricane-harvey_00000448,hurricane-harvey
hurricane-florence_00000313,hurricane-florence
palu-tsunami_00000145,palu-tsunami
santa-rosa-wildfire_00000356,santa-rosa-wildfire
socal-fire_00000820,socal-fire
midwest-flooding_00000127,midwest-flooding
hurricane-michael_00000249,hurricane-michael
socal-fire_00000521,socal-fire
hurricane-harvey_00000228,hurricane-harvey
hurricane-matthew_00000060,hurricane-matthew
hurricane-harvey_00000085,hurricane-harvey
socal-fire_00000500,socal-fire
hurricane-michael_00000504,hurricane-michael
palu-tsunami_00000088,palu-tsunami
hurricane-matthew_00000347,hurricane-matthew
socal-fire_00001149,socal-fire
socal-fire_00000875,socal-fire
socal-fire_00000445,socal-fire
hurricane-harvey_00000495,hurricane-harvey
socal-fire_00000629,socal-fire
hurricane-matthew_00000164,hurricane-matthew
hurricane-michael_00000010,hurricane-michael
hurricane-michael_00000435,hurricane-michael
socal-fire_00000530,socal-fire
hurricane-florence_00000142,hurricane-florence
socal-fire_00001348,socal-fire
socal-fire_00000265,socal-fire
mexico-earthquake_00000141,mexico-earthquake
hurricane-florence_00000478,hurricane-florence
hurricane-michael_00000516,hurricane-michael
hurricane-harvey_00000129,hurricane-harvey
midwest-flooding_00000239,midwest-flooding
socal-fire_00001391,socal-fire
hurricane-michael_00000452,hurricane-michael
hurricane-harvey_00000168,hurricane-harvey
hurricane-michael_00000206,hurricane-michael
socal-fire_00000364,socal-fire
hurricane-michael_00000154,hurricane-michael
midwest-flooding_00000199,midwest-flooding
palu-tsunami_00000166,palu-tsunami
hurricane-harvey_00000049,hurricane-harvey
hurricane-michael_00000411,hurricane-michael
hurricane-florence_00000192,hurricane-florence
socal-fire_00000187,socal-fire
socal-fire_00000321,socal-fire
hurricane-michael_00000405,hurricane-michael
santa-rosa-wildfire_00000235,santa-rosa-wildfire
hurricane-florence_00000462,hurricane-florence
midwest-flooding_00000246,midwest-flooding
hurricane-michael_00000355,hurricane-michael
socal-fire_00001238,socal-fire
socal-fire_00001016,socal-fire
socal-fire_00000507,socal-fire
midwest-flooding_00000386,midwest-flooding
hurricane-michael_00000275,hurricane-michael
midwest-flooding_00000067,midwest-flooding
socal-fire_00000676,socal-fire
palu-tsunami_00000119,palu-tsunami
santa-rosa-wildfire_00000357,santa-rosa-wildfire
santa-rosa-wildfire_00000341,santa-rosa-wildfire
hurricane-matthew_00000153,hurricane-matthew
santa-rosa-wildfire_00000276,santa-rosa-wildfire
palu-tsunami_00000182,palu-tsunami
hurricane-florence_00000359,hurricane-florence
hurricane-florence_00000036,hurricane-florence
hurricane-michael_00000061,hurricane-michael
socal-fire_00001178,socal-fire
santa-rosa-wildfire_00000006,santa-rosa-wildfire
hurricane-florence_00000410,hurricane-florence
socal-fire_00000999,socal-fire
socal-fire_00000244,socal-fire
santa-rosa-wildfire_00000044,santa-rosa-wildfire
midwest-flooding_00000217,midwest-flooding
hurricane-michael_00000537,hurricane-michael
midwest-flooding_00000351,midwest-flooding
hurricane-florence_00000477,hurricane-florence
hurricane-matthew_00000213,hurricane-matthew
mexico-earthquake_00000148,mexico-earthquake
socal-fire_00000237,socal-fire
hurricane-matthew_00000089,hurricane-matthew
midwest-flooding_00000366,midwest-flooding
socal-fire_00000666,socal-fire
santa-rosa-wildfire_00000101,santa-rosa-wildfire
socal-fire_00000520,socal-fire
socal-fire_00000689,socal-fire
socal-fire_00000028,socal-fire
hurricane-matthew_00000398,hurricane-matthew
socal-fire_00000508,socal-fire
hurricane-matthew_00000202,hurricane-matthew
mexico-earthquake_00000114,mexico-earthquake
hurricane-florence_00000498,hurricane-florence
socal-fire_00001116,socal-fire
socal-fire_00000220,socal-fire
hurricane-harvey_00000266,hurricane-harvey
hurricane-florence_00000086,hurricane-florence
hurricane-michael_00000151,hurricane-michael
hurricane-harvey_00000512,hurricane-harvey
midwest-flooding_00000117,midwest-flooding
midwest-flooding_00000290,midwest-flooding
socal-fire_00000593,socal-fire
hurricane-matthew_00000332,hurricane-matthew
hurricane-michael_00000341,hurricane-michael
hurricane-harvey_00000384,hurricane-harvey
palu-tsunami_00000049,palu-tsunami
hurricane-harvey_00000160,hurricane-harvey
guatemala-volcano_00000018,guatemala-volcano
hurricane-michael_00000310,hurricane-michael
hurricane-harvey_00000312,hurricane-harvey
santa-rosa-wildfire_00000056,santa-rosa-wildfire
midwest-flooding_00000010,midwest-flooding
socal-fire_00000060,socal-fire
hurricane-michael_00000549,hurricane-michael
mexico-earthquake_00000001,mexico-earthquake
santa-rosa-wildfire_00000091,santa-rosa-wildfire
mexico-earthquake_00000112,mexico-earthquake
socal-fire_00000988,socal-fire
midwest-flooding_00000269,midwest-flooding
socal-fire_00000484,socal-fire
socal-fire_00000417,socal-fire
hurricane-harvey_00000289,hurricane-harvey
hurricane-michael_00000283,hurricane-michael
socal-fire_00000601,socal-fire
hurricane-michael_00000430,hurricane-michael
socal-fire_00001270,socal-fire
socal-fire_00000611,socal-fire
socal-fire_00001134,socal-fire
hurricane-michael_00000253,hurricane-michael
socal-fire_00001339,socal-fire
midwest-flooding_00000083,midwest-flooding
midwest-flooding_00000103,midwest-flooding
hurricane-matthew_00000178,hurricane-matthew
socal-fire_00000343,socal-fire
hurricane-michael_00000092,hurricane-michael
socal-fire_00001245,socal-fire
socal-fire_00001159,socal-fire
hurricane-matthew_00000039,hurricane-matthew
hurricane-matthew_00000000,hurricane-matthew
socal-fire_00001080,socal-fire
palu-tsunami_00000099,palu-tsunami
hurricane-harvey_00000119,hurricane-harvey
hurricane-matthew_00000329,hurricane-matthew
hurricane-matthew_00000065,hurricane-matthew
hurricane-harvey_00000172,hurricane-harvey
socal-fire_00001312,socal-fire
hurricane-florence_00000018,hurricane-florence
mexico-earthquake_00000046,mexico-earthquake
socal-fire_00000230,socal-fire
santa-rosa-wildfire_00000165,santa-rosa-wildfire
hurricane-michael_00000207,hurricane-michael
hurricane-florence_00000435,hurricane-florence
santa-rosa-wildfire_00000088,santa-rosa-wildfire
hurricane-michael_00000125,hurricane-michael
socal-fire_00001301,socal-fire
hurricane-matthew_00000185,hurricane-matthew
hurricane-florence_00000365,hurricane-florence
socal-fire_00000334,socal-fire
socal-fire_00001195,socal-fire
socal-fire_00000495,socal-fire
hurricane-matthew_00000244,hurricane-matthew
socal-fire_00000989,socal-fire
hurricane-matthew_00000321,hurricane-matthew
hurricane-matthew_00000269,hurricane-matthew
hurricane-michael_00000505,hurricane-michael
hurricane-matthew_00000362,hurricane-matthew
